<?xml version="1.0" ?>
<annotation>
    <filename>2002/07/19/big/img_727</filename>
    <object>
        <face>face</face>
        <bndbox>
            <xmin>73</xmin>
            <ymin>23</ymin>
            <xmax>254</xmax>
            <ymax>194</ymax>
        </bndbox>
    </object>
    <object>
        <face>face</face>
        <bndbox>
            <xmin>252</xmin>
            <ymin>100</ymin>
            <xmax>431</xmax>
            <ymax>227</ymax>
        </bndbox>
    </object>
</annotation>
