<?xml version="1.0" ?>
<annotation>
    <filename>2002/07/19/big/img_630</filename>
    <object>
        <face>face</face>
        <bndbox>
            <xmin>84</xmin>
            <ymin>135</ymin>
            <xmax>270</xmax>
            <ymax>254</ymax>
        </bndbox>
    </object>
    <object>
        <face>face</face>
        <bndbox>
            <xmin>196</xmin>
            <ymin>159</ymin>
            <xmax>395</xmax>
            <ymax>293</ymax>
        </bndbox>
    </object>
</annotation>
