<?xml version="1.0" ?>
<annotation>
    <filename>2002/08/22/big/img_734</filename>
    <object>
        <face>face</face>
        <bndbox>
            <xmin>36</xmin>
            <ymin>22</ymin>
            <xmax>280</xmax>
            <ymax>164</ymax>
        </bndbox>
    </object>
    <object>
        <face>face</face>
        <bndbox>
            <xmin>146</xmin>
            <ymin>266</ymin>
            <xmax>166</xmax>
            <ymax>280</ymax>
        </bndbox>
    </object>
    <object>
        <face>face</face>
        <bndbox>
            <xmin>174</xmin>
            <ymin>264</ymin>
            <xmax>196</xmax>
            <ymax>278</ymax>
        </bndbox>
    </object>
    <object>
        <face>face</face>
        <bndbox>
            <xmin>202</xmin>
            <ymin>273</ymin>
            <xmax>223</xmax>
            <ymax>288</ymax>
        </bndbox>
    </object>
</annotation>
