<?xml version="1.0" ?>
<annotation>
    <filename>2002/09/02/big/img_15496</filename>
    <object>
        <face>face</face>
        <bndbox>
            <xmin>33</xmin>
            <ymin>40</ymin>
            <xmax>166</xmax>
            <ymax>120</ymax>
        </bndbox>
    </object>
    <object>
        <face>face</face>
        <bndbox>
            <xmin>206</xmin>
            <ymin>80</ymin>
            <xmax>318</xmax>
            <ymax>155</ymax>
        </bndbox>
    </object>
    <object>
        <face>face</face>
        <bndbox>
            <xmin>324</xmin>
            <ymin>96</ymin>
            <xmax>451</xmax>
            <ymax>172</ymax>
        </bndbox>
    </object>
</annotation>
