<?xml version="1.0" ?>
<annotation>
    <filename>2002/07/29/big/img_516</filename>
    <object>
        <face>face</face>
        <bndbox>
            <xmin>3</xmin>
            <ymin>38</ymin>
            <xmax>119</xmax>
            <ymax>114</ymax>
        </bndbox>
    </object>
    <object>
        <face>face</face>
        <bndbox>
            <xmin>245</xmin>
            <ymin>108</ymin>
            <xmax>340</xmax>
            <ymax>180</ymax>
        </bndbox>
    </object>
    <object>
        <face>face</face>
        <bndbox>
            <xmin>314</xmin>
            <ymin>93</ymin>
            <xmax>431</xmax>
            <ymax>171</ymax>
        </bndbox>
    </object>
</annotation>
