<?xml version="1.0" ?>
<annotation>
    <filename>2002/08/20/big/img_936</filename>
    <object>
        <face>face</face>
        <bndbox>
            <xmin>33</xmin>
            <ymin>61</ymin>
            <xmax>215</xmax>
            <ymax>179</ymax>
        </bndbox>
    </object>
    <object>
        <face>face</face>
        <bndbox>
            <xmin>145</xmin>
            <ymin>107</ymin>
            <xmax>301</xmax>
            <ymax>200</ymax>
        </bndbox>
    </object>
</annotation>
