<?xml version="1.0" ?>
<annotation>
    <filename>2002/07/29/big/img_325</filename>
    <object>
        <face>face</face>
        <bndbox>
            <xmin>126</xmin>
            <ymin>149</ymin>
            <xmax>246</xmax>
            <ymax>237</ymax>
        </bndbox>
    </object>
    <object>
        <face>face</face>
        <bndbox>
            <xmin>274</xmin>
            <ymin>171</ymin>
            <xmax>380</xmax>
            <ymax>235</ymax>
        </bndbox>
    </object>
</annotation>
