<?xml version="1.0" ?>
<annotation>
    <filename>2002/08/21/big/img_616</filename>
    <object>
        <face>face</face>
        <bndbox>
            <xmin>100</xmin>
            <ymin>205</ymin>
            <xmax>195</xmax>
            <ymax>258</ymax>
        </bndbox>
    </object>
    <object>
        <face>face</face>
        <bndbox>
            <xmin>49</xmin>
            <ymin>42</ymin>
            <xmax>247</xmax>
            <ymax>171</ymax>
        </bndbox>
    </object>
</annotation>
