<?xml version="1.0" ?>
<annotation>
    <filename>2002/08/15/big/img_963</filename>
    <object>
        <face>face</face>
        <bndbox>
            <xmin>106</xmin>
            <ymin>48</ymin>
            <xmax>245</xmax>
            <ymax>133</ymax>
        </bndbox>
    </object>
    <object>
        <face>face</face>
        <bndbox>
            <xmin>253</xmin>
            <ymin>61</ymin>
            <xmax>394</xmax>
            <ymax>141</ymax>
        </bndbox>
    </object>
</annotation>
