<?xml version="1.0" ?>
<annotation>
    <filename>2002/07/26/big/img_669</filename>
    <object>
        <face>face</face>
        <bndbox>
            <xmin>25</xmin>
            <ymin>57</ymin>
            <xmax>133</xmax>
            <ymax>130</ymax>
        </bndbox>
    </object>
    <object>
        <face>face</face>
        <bndbox>
            <xmin>250</xmin>
            <ymin>53</ymin>
            <xmax>362</xmax>
            <ymax>130</ymax>
        </bndbox>
    </object>
</annotation>
