<?xml version="1.0" ?>
<annotation>
    <filename>2002/07/27/big/img_287</filename>
    <object>
        <face>face</face>
        <bndbox>
            <xmin>10</xmin>
            <ymin>142</ymin>
            <xmax>151</xmax>
            <ymax>247</ymax>
        </bndbox>
    </object>
    <object>
        <face>face</face>
        <bndbox>
            <xmin>195</xmin>
            <ymin>125</ymin>
            <xmax>339</xmax>
            <ymax>224</ymax>
        </bndbox>
    </object>
    <object>
        <face>face</face>
        <bndbox>
            <xmin>-10</xmin>
            <ymin>13</ymin>
            <xmax>105</xmax>
            <ymax>96</ymax>
        </bndbox>
    </object>
    <object>
        <face>face</face>
        <bndbox>
            <xmin>66</xmin>
            <ymin>92</ymin>
            <xmax>228</xmax>
            <ymax>185</ymax>
        </bndbox>
    </object>
</annotation>
