<?xml version="1.0" ?>
<annotation>
    <filename>2002/07/24/big/img_41</filename>
    <object>
        <face>face</face>
        <bndbox>
            <xmin>21</xmin>
            <ymin>49</ymin>
            <xmax>142</xmax>
            <ymax>121</ymax>
        </bndbox>
    </object>
    <object>
        <face>face</face>
        <bndbox>
            <xmin>159</xmin>
            <ymin>47</ymin>
            <xmax>273</xmax>
            <ymax>112</ymax>
        </bndbox>
    </object>
</annotation>
