<?xml version="1.0" ?>
<annotation>
    <filename>2002/08/06/big/img_2600</filename>
    <object>
        <face>face</face>
        <bndbox>
            <xmin>38</xmin>
            <ymin>46</ymin>
            <xmax>172</xmax>
            <ymax>128</ymax>
        </bndbox>
    </object>
    <object>
        <face>face</face>
        <bndbox>
            <xmin>257</xmin>
            <ymin>75</ymin>
            <xmax>380</xmax>
            <ymax>162</ymax>
        </bndbox>
    </object>
</annotation>
