<?xml version="1.0" ?>
<annotation>
    <filename>2002/07/30/big/img_1184</filename>
    <object>
        <face>face</face>
        <bndbox>
            <xmin>110</xmin>
            <ymin>90</ymin>
            <xmax>314</xmax>
            <ymax>217</ymax>
        </bndbox>
    </object>
    <object>
        <face>face</face>
        <bndbox>
            <xmin>277</xmin>
            <ymin>103</ymin>
            <xmax>407</xmax>
            <ymax>196</ymax>
        </bndbox>
    </object>
    <object>
        <face>face</face>
        <bndbox>
            <xmin>377</xmin>
            <ymin>4</ymin>
            <xmax>476</xmax>
            <ymax>73</ymax>
        </bndbox>
    </object>
    <object>
        <face>face</face>
        <bndbox>
            <xmin>-8</xmin>
            <ymin>-22</ymin>
            <xmax>100</xmax>
            <ymax>63</ymax>
        </bndbox>
    </object>
    <object>
        <face>face</face>
        <bndbox>
            <xmin>211</xmin>
            <ymin>14</ymin>
            <xmax>327</xmax>
            <ymax>98</ymax>
        </bndbox>
    </object>
    <object>
        <face>face</face>
        <bndbox>
            <xmin>358</xmin>
            <ymin>-1</ymin>
            <xmax>408</xmax>
            <ymax>36</ymax>
        </bndbox>
    </object>
</annotation>
