<?xml version="1.0" ?>
<annotation>
    <filename>2002/08/29/big/img_18906</filename>
    <object>
        <face>face</face>
        <bndbox>
            <xmin>-52</xmin>
            <ymin>-7</ymin>
            <xmax>161</xmax>
            <ymax>137</ymax>
        </bndbox>
    </object>
    <object>
        <face>face</face>
        <bndbox>
            <xmin>27</xmin>
            <ymin>106</ymin>
            <xmax>369</xmax>
            <ymax>317</ymax>
        </bndbox>
    </object>
    <object>
        <face>face</face>
        <bndbox>
            <xmin>216</xmin>
            <ymin>190</ymin>
            <xmax>388</xmax>
            <ymax>297</ymax>
        </bndbox>
    </object>
</annotation>
