<?xml version="1.0" ?>
<annotation>
    <filename>2002/08/04/big/img_104</filename>
    <object>
        <face>face</face>
        <bndbox>
            <xmin>111</xmin>
            <ymin>90</ymin>
            <xmax>195</xmax>
            <ymax>149</ymax>
        </bndbox>
    </object>
    <object>
        <face>face</face>
        <bndbox>
            <xmin>245</xmin>
            <ymin>25</ymin>
            <xmax>344</xmax>
            <ymax>90</ymax>
        </bndbox>
    </object>
</annotation>
