<?xml version="1.0" ?>
<annotation>
    <filename>2002/08/11/big/img_475</filename>
    <object>
        <face>face</face>
        <bndbox>
            <xmin>97</xmin>
            <ymin>35</ymin>
            <xmax>220</xmax>
            <ymax>131</ymax>
        </bndbox>
    </object>
    <object>
        <face>face</face>
        <bndbox>
            <xmin>77</xmin>
            <ymin>279</ymin>
            <xmax>108</xmax>
            <ymax>299</ymax>
        </bndbox>
    </object>
    <object>
        <face>face</face>
        <bndbox>
            <xmin>109</xmin>
            <ymin>270</ymin>
            <xmax>140</xmax>
            <ymax>289</ymax>
        </bndbox>
    </object>
    <object>
        <face>face</face>
        <bndbox>
            <xmin>143</xmin>
            <ymin>266</ymin>
            <xmax>171</xmax>
            <ymax>284</ymax>
        </bndbox>
    </object>
    <object>
        <face>face</face>
        <bndbox>
            <xmin>173</xmin>
            <ymin>268</ymin>
            <xmax>204</xmax>
            <ymax>288</ymax>
        </bndbox>
    </object>
    <object>
        <face>face</face>
        <bndbox>
            <xmin>105</xmin>
            <ymin>323</ymin>
            <xmax>134</xmax>
            <ymax>339</ymax>
        </bndbox>
    </object>
    <object>
        <face>face</face>
        <bndbox>
            <xmin>132</xmin>
            <ymin>318</ymin>
            <xmax>164</xmax>
            <ymax>337</ymax>
        </bndbox>
    </object>
    <object>
        <face>face</face>
        <bndbox>
            <xmin>157</xmin>
            <ymin>319</ymin>
            <xmax>191</xmax>
            <ymax>338</ymax>
        </bndbox>
    </object>
    <object>
        <face>face</face>
        <bndbox>
            <xmin>183</xmin>
            <ymin>328</ymin>
            <xmax>215</xmax>
            <ymax>347</ymax>
        </bndbox>
    </object>
    <object>
        <face>face</face>
        <bndbox>
            <xmin>200</xmin>
            <ymin>349</ymin>
            <xmax>232</xmax>
            <ymax>368</ymax>
        </bndbox>
    </object>
    <object>
        <face>face</face>
        <bndbox>
            <xmin>205</xmin>
            <ymin>280</ymin>
            <xmax>229</xmax>
            <ymax>296</ymax>
        </bndbox>
    </object>
</annotation>
