<?xml version="1.0" ?>
<annotation>
    <filename>2002/08/04/big/img_236</filename>
    <object>
        <face>face</face>
        <bndbox>
            <xmin>14</xmin>
            <ymin>133</ymin>
            <xmax>224</xmax>
            <ymax>263</ymax>
        </bndbox>
    </object>
    <object>
        <face>face</face>
        <bndbox>
            <xmin>152</xmin>
            <ymin>89</ymin>
            <xmax>390</xmax>
            <ymax>237</ymax>
        </bndbox>
    </object>
</annotation>
