<?xml version="1.0" ?>
<annotation>
    <filename>2002/08/14/big/img_689</filename>
    <object>
        <face>face</face>
        <bndbox>
            <xmin>75</xmin>
            <ymin>50</ymin>
            <xmax>190</xmax>
            <ymax>125</ymax>
        </bndbox>
    </object>
    <object>
        <face>face</face>
        <bndbox>
            <xmin>173</xmin>
            <ymin>20</ymin>
            <xmax>283</xmax>
            <ymax>96</ymax>
        </bndbox>
    </object>
</annotation>
