<?xml version="1.0" ?>
<annotation>
    <filename>2002/08/29/big/img_18702</filename>
    <object>
        <face>face</face>
        <bndbox>
            <xmin>182</xmin>
            <ymin>74</ymin>
            <xmax>362</xmax>
            <ymax>197</ymax>
        </bndbox>
    </object>
    <object>
        <face>face</face>
        <bndbox>
            <xmin>286</xmin>
            <ymin>160</ymin>
            <xmax>448</xmax>
            <ymax>296</ymax>
        </bndbox>
    </object>
</annotation>
