<?xml version="1.0" ?>
<annotation>
    <filename>2002/08/22/big/img_543</filename>
    <object>
        <face>face</face>
        <bndbox>
            <xmin>151</xmin>
            <ymin>48</ymin>
            <xmax>278</xmax>
            <ymax>133</ymax>
        </bndbox>
    </object>
    <object>
        <face>face</face>
        <bndbox>
            <xmin>245</xmin>
            <ymin>53</ymin>
            <xmax>334</xmax>
            <ymax>115</ymax>
        </bndbox>
    </object>
</annotation>
