<?xml version="1.0" ?>
<annotation>
    <filename>2002/08/04/big/img_390</filename>
    <object>
        <face>face</face>
        <bndbox>
            <xmin>-25</xmin>
            <ymin>-20</ymin>
            <xmax>138</xmax>
            <ymax>85</ymax>
        </bndbox>
    </object>
    <object>
        <face>face</face>
        <bndbox>
            <xmin>191</xmin>
            <ymin>69</ymin>
            <xmax>345</xmax>
            <ymax>172</ymax>
        </bndbox>
    </object>
</annotation>
