<?xml version="1.0" ?>
<annotation>
    <filename>2002/07/23/big/img_601</filename>
    <object>
        <face>face</face>
        <bndbox>
            <xmin>39</xmin>
            <ymin>-6</ymin>
            <xmax>368</xmax>
            <ymax>222</ymax>
        </bndbox>
    </object>
    <object>
        <face>face</face>
        <bndbox>
            <xmin>-94</xmin>
            <ymin>10</ymin>
            <xmax>117</xmax>
            <ymax>158</ymax>
        </bndbox>
    </object>
</annotation>
