<?xml version="1.0" ?>
<annotation>
    <filename>2002/08/04/big/img_537</filename>
    <object>
        <face>face</face>
        <bndbox>
            <xmin>26</xmin>
            <ymin>-11</ymin>
            <xmax>230</xmax>
            <ymax>141</ymax>
        </bndbox>
    </object>
    <object>
        <face>face</face>
        <bndbox>
            <xmin>149</xmin>
            <ymin>49</ymin>
            <xmax>365</xmax>
            <ymax>186</ymax>
        </bndbox>
    </object>
</annotation>
