<?xml version="1.0" ?>
<annotation>
    <filename>2002/08/09/big/img_792</filename>
    <object>
        <face>face</face>
        <bndbox>
            <xmin>90</xmin>
            <ymin>102</ymin>
            <xmax>209</xmax>
            <ymax>186</ymax>
        </bndbox>
    </object>
    <object>
        <face>face</face>
        <bndbox>
            <xmin>219</xmin>
            <ymin>28</ymin>
            <xmax>357</xmax>
            <ymax>125</ymax>
        </bndbox>
    </object>
</annotation>
