<?xml version="1.0" ?>
<annotation>
    <filename>2002/08/15/big/img_399</filename>
    <object>
        <face>face</face>
        <bndbox>
            <xmin>199</xmin>
            <ymin>52</ymin>
            <xmax>311</xmax>
            <ymax>121</ymax>
        </bndbox>
    </object>
    <object>
        <face>face</face>
        <bndbox>
            <xmin>92</xmin>
            <ymin>99</ymin>
            <xmax>161</xmax>
            <ymax>142</ymax>
        </bndbox>
    </object>
</annotation>
