<?xml version="1.0" ?>
<annotation>
    <filename>2002/07/30/big/img_606</filename>
    <object>
        <face>face</face>
        <bndbox>
            <xmin>30</xmin>
            <ymin>61</ymin>
            <xmax>287</xmax>
            <ymax>219</ymax>
        </bndbox>
    </object>
    <object>
        <face>face</face>
        <bndbox>
            <xmin>229</xmin>
            <ymin>65</ymin>
            <xmax>457</xmax>
            <ymax>205</ymax>
        </bndbox>
    </object>
    <object>
        <face>face</face>
        <bndbox>
            <xmin>179</xmin>
            <ymin>-5</ymin>
            <xmax>290</xmax>
            <ymax>71</ymax>
        </bndbox>
    </object>
    <object>
        <face>face</face>
        <bndbox>
            <xmin>355</xmin>
            <ymin>-6</ymin>
            <xmax>462</xmax>
            <ymax>70</ymax>
        </bndbox>
    </object>
</annotation>
