<?xml version="1.0" ?>
<annotation>
    <filename>2002/07/23/big/img_305</filename>
    <object>
        <face>face</face>
        <bndbox>
            <xmin>-16</xmin>
            <ymin>127</ymin>
            <xmax>219</xmax>
            <ymax>275</ymax>
        </bndbox>
    </object>
    <object>
        <face>face</face>
        <bndbox>
            <xmin>70</xmin>
            <ymin>98</ymin>
            <xmax>296</xmax>
            <ymax>262</ymax>
        </bndbox>
    </object>
</annotation>
