<?xml version="1.0" ?>
<annotation>
    <filename>2002/08/18/big/img_413</filename>
    <object>
        <face>face</face>
        <bndbox>
            <xmin>97</xmin>
            <ymin>57</ymin>
            <xmax>258</xmax>
            <ymax>142</ymax>
        </bndbox>
    </object>
    <object>
        <face>face</face>
        <bndbox>
            <xmin>-26</xmin>
            <ymin>50</ymin>
            <xmax>74</xmax>
            <ymax>113</ymax>
        </bndbox>
    </object>
    <object>
        <face>face</face>
        <bndbox>
            <xmin>231</xmin>
            <ymin>86</ymin>
            <xmax>303</xmax>
            <ymax>131</ymax>
        </bndbox>
    </object>
    <object>
        <face>face</face>
        <bndbox>
            <xmin>80</xmin>
            <ymin>81</ymin>
            <xmax>159</xmax>
            <ymax>135</ymax>
        </bndbox>
    </object>
</annotation>
