<?xml version="1.0" ?>
<annotation>
    <filename>2002/07/22/big/img_663</filename>
    <object>
        <face>face</face>
        <bndbox>
            <xmin>-1</xmin>
            <ymin>86</ymin>
            <xmax>243</xmax>
            <ymax>247</ymax>
        </bndbox>
    </object>
    <object>
        <face>face</face>
        <bndbox>
            <xmin>209</xmin>
            <ymin>77</ymin>
            <xmax>449</xmax>
            <ymax>233</ymax>
        </bndbox>
    </object>
</annotation>
