<?xml version="1.0" ?>
<annotation>
    <filename>2002/07/30/big/img_958</filename>
    <object>
        <face>face</face>
        <bndbox>
            <xmin>93</xmin>
            <ymin>179</ymin>
            <xmax>169</xmax>
            <ymax>238</ymax>
        </bndbox>
    </object>
    <object>
        <face>face</face>
        <bndbox>
            <xmin>122</xmin>
            <ymin>258</ymin>
            <xmax>212</xmax>
            <ymax>313</ymax>
        </bndbox>
    </object>
    <object>
        <face>face</face>
        <bndbox>
            <xmin>171</xmin>
            <ymin>296</ymin>
            <xmax>259</xmax>
            <ymax>362</ymax>
        </bndbox>
    </object>
    <object>
        <face>face</face>
        <bndbox>
            <xmin>172</xmin>
            <ymin>164</ymin>
            <xmax>242</xmax>
            <ymax>213</ymax>
        </bndbox>
    </object>
</annotation>
