<?xml version="1.0" ?>
<annotation>
    <filename>2002/08/08/big/img_669</filename>
    <object>
        <face>face</face>
        <bndbox>
            <xmin>18</xmin>
            <ymin>48</ymin>
            <xmax>143</xmax>
            <ymax>120</ymax>
        </bndbox>
    </object>
    <object>
        <face>face</face>
        <bndbox>
            <xmin>172</xmin>
            <ymin>70</ymin>
            <xmax>282</xmax>
            <ymax>151</ymax>
        </bndbox>
    </object>
</annotation>
