<?xml version="1.0" ?>
<annotation>
    <filename>2002/08/05/big/img_3658</filename>
    <object>
        <face>face</face>
        <bndbox>
            <xmin>51</xmin>
            <ymin>142</ymin>
            <xmax>206</xmax>
            <ymax>241</ymax>
        </bndbox>
    </object>
    <object>
        <face>face</face>
        <bndbox>
            <xmin>146</xmin>
            <ymin>50</ymin>
            <xmax>280</xmax>
            <ymax>136</ymax>
        </bndbox>
    </object>
    <object>
        <face>face</face>
        <bndbox>
            <xmin>220</xmin>
            <ymin>108</ymin>
            <xmax>388</xmax>
            <ymax>219</ymax>
        </bndbox>
    </object>
</annotation>
