<?xml version="1.0" ?>
<annotation>
    <filename>2002/08/19/big/img_122</filename>
    <object>
        <face>face</face>
        <bndbox>
            <xmin>63</xmin>
            <ymin>78</ymin>
            <xmax>184</xmax>
            <ymax>153</ymax>
        </bndbox>
    </object>
    <object>
        <face>face</face>
        <bndbox>
            <xmin>220</xmin>
            <ymin>71</ymin>
            <xmax>373</xmax>
            <ymax>163</ymax>
        </bndbox>
    </object>
</annotation>
