<?xml version="1.0" ?>
<annotation>
    <filename>2002/08/09/big/img_375</filename>
    <object>
        <face>face</face>
        <bndbox>
            <xmin>103</xmin>
            <ymin>27</ymin>
            <xmax>211</xmax>
            <ymax>110</ymax>
        </bndbox>
    </object>
    <object>
        <face>face</face>
        <bndbox>
            <xmin>242</xmin>
            <ymin>188</ymin>
            <xmax>362</xmax>
            <ymax>269</ymax>
        </bndbox>
    </object>
    <object>
        <face>face</face>
        <bndbox>
            <xmin>295</xmin>
            <ymin>45</ymin>
            <xmax>414</xmax>
            <ymax>124</ymax>
        </bndbox>
    </object>
</annotation>
