<?xml version="1.0" ?>
<annotation>
    <filename>2002/08/03/big/img_649</filename>
    <object>
        <face>face</face>
        <bndbox>
            <xmin>-52</xmin>
            <ymin>-24</ymin>
            <xmax>156</xmax>
            <ymax>114</ymax>
        </bndbox>
    </object>
    <object>
        <face>face</face>
        <bndbox>
            <xmin>141</xmin>
            <ymin>68</ymin>
            <xmax>397</xmax>
            <ymax>230</ymax>
        </bndbox>
    </object>
</annotation>
