<?xml version="1.0" ?>
<annotation>
    <filename>2002/08/18/big/img_484</filename>
    <object>
        <face>face</face>
        <bndbox>
            <xmin>41</xmin>
            <ymin>104</ymin>
            <xmax>161</xmax>
            <ymax>189</ymax>
        </bndbox>
    </object>
    <object>
        <face>face</face>
        <bndbox>
            <xmin>176</xmin>
            <ymin>121</ymin>
            <xmax>283</xmax>
            <ymax>190</ymax>
        </bndbox>
    </object>
    <object>
        <face>face</face>
        <bndbox>
            <xmin>277</xmin>
            <ymin>52</ymin>
            <xmax>442</xmax>
            <ymax>161</ymax>
        </bndbox>
    </object>
    <object>
        <face>face</face>
        <bndbox>
            <xmin>236</xmin>
            <ymin>78</ymin>
            <xmax>301</xmax>
            <ymax>129</ymax>
        </bndbox>
    </object>
    <object>
        <face>face</face>
        <bndbox>
            <xmin>165</xmin>
            <ymin>62</ymin>
            <xmax>259</xmax>
            <ymax>126</ymax>
        </bndbox>
    </object>
    <object>
        <face>face</face>
        <bndbox>
            <xmin>395</xmin>
            <ymin>105</ymin>
            <xmax>456</xmax>
            <ymax>152</ymax>
        </bndbox>
    </object>
    <object>
        <face>face</face>
        <bndbox>
            <xmin>28</xmin>
            <ymin>126</ymin>
            <xmax>58</xmax>
            <ymax>149</ymax>
        </bndbox>
    </object>
</annotation>
