<?xml version="1.0" ?>
<annotation>
    <filename>2002/07/24/big/img_256</filename>
    <object>
        <face>face</face>
        <bndbox>
            <xmin>77</xmin>
            <ymin>23</ymin>
            <xmax>164</xmax>
            <ymax>83</ymax>
        </bndbox>
    </object>
    <object>
        <face>face</face>
        <bndbox>
            <xmin>223</xmin>
            <ymin>35</ymin>
            <xmax>298</xmax>
            <ymax>93</ymax>
        </bndbox>
    </object>
</annotation>
