<?xml version="1.0" ?>
<annotation>
    <filename>2002/08/11/big/img_496</filename>
    <object>
        <face>face</face>
        <bndbox>
            <xmin>3</xmin>
            <ymin>80</ymin>
            <xmax>116</xmax>
            <ymax>148</ymax>
        </bndbox>
    </object>
    <object>
        <face>face</face>
        <bndbox>
            <xmin>105</xmin>
            <ymin>85</ymin>
            <xmax>228</xmax>
            <ymax>158</ymax>
        </bndbox>
    </object>
    <object>
        <face>face</face>
        <bndbox>
            <xmin>220</xmin>
            <ymin>76</ymin>
            <xmax>339</xmax>
            <ymax>156</ymax>
        </bndbox>
    </object>
    <object>
        <face>face</face>
        <bndbox>
            <xmin>335</xmin>
            <ymin>79</ymin>
            <xmax>443</xmax>
            <ymax>150</ymax>
        </bndbox>
    </object>
</annotation>
