<?xml version="1.0" ?>
<annotation>
    <filename>2002/08/01/big/img_1656</filename>
    <object>
        <face>face</face>
        <bndbox>
            <xmin>-20</xmin>
            <ymin>76</ymin>
            <xmax>218</xmax>
            <ymax>239</ymax>
        </bndbox>
    </object>
    <object>
        <face>face</face>
        <bndbox>
            <xmin>208</xmin>
            <ymin>57</ymin>
            <xmax>479</xmax>
            <ymax>238</ymax>
        </bndbox>
    </object>
</annotation>
