<?xml version="1.0" ?>
<annotation>
    <filename>2002/08/22/big/img_141</filename>
    <object>
        <face>face</face>
        <bndbox>
            <xmin>152</xmin>
            <ymin>47</ymin>
            <xmax>284</xmax>
            <ymax>126</ymax>
        </bndbox>
    </object>
    <object>
        <face>face</face>
        <bndbox>
            <xmin>7</xmin>
            <ymin>226</ymin>
            <xmax>80</xmax>
            <ymax>275</ymax>
        </bndbox>
    </object>
    <object>
        <face>face</face>
        <bndbox>
            <xmin>91</xmin>
            <ymin>68</ymin>
            <xmax>138</xmax>
            <ymax>101</ymax>
        </bndbox>
    </object>
</annotation>
