<?xml version="1.0" ?>
<annotation>
    <filename>2002/07/24/big/img_25</filename>
    <object>
        <face>face</face>
        <bndbox>
            <xmin>353</xmin>
            <ymin>26</ymin>
            <xmax>443</xmax>
            <ymax>80</ymax>
        </bndbox>
    </object>
    <object>
        <face>face</face>
        <bndbox>
            <xmin>282</xmin>
            <ymin>11</ymin>
            <xmax>361</xmax>
            <ymax>63</ymax>
        </bndbox>
    </object>
    <object>
        <face>face</face>
        <bndbox>
            <xmin>86</xmin>
            <ymin>4</ymin>
            <xmax>159</xmax>
            <ymax>61</ymax>
        </bndbox>
    </object>
    <object>
        <face>face</face>
        <bndbox>
            <xmin>19</xmin>
            <ymin>61</ymin>
            <xmax>178</xmax>
            <ymax>165</ymax>
        </bndbox>
    </object>
    <object>
        <face>face</face>
        <bndbox>
            <xmin>192</xmin>
            <ymin>52</ymin>
            <xmax>327</xmax>
            <ymax>137</ymax>
        </bndbox>
    </object>
</annotation>
