<?xml version="1.0" ?>
<annotation>
    <filename>2002/08/12/big/img_436</filename>
    <object>
        <face>face</face>
        <bndbox>
            <xmin>27</xmin>
            <ymin>26</ymin>
            <xmax>117</xmax>
            <ymax>84</ymax>
        </bndbox>
    </object>
    <object>
        <face>face</face>
        <bndbox>
            <xmin>166</xmin>
            <ymin>53</ymin>
            <xmax>273</xmax>
            <ymax>125</ymax>
        </bndbox>
    </object>
    <object>
        <face>face</face>
        <bndbox>
            <xmin>355</xmin>
            <ymin>115</ymin>
            <xmax>422</xmax>
            <ymax>159</ymax>
        </bndbox>
    </object>
</annotation>
