<?xml version="1.0" ?>
<annotation>
    <filename>2002/08/05/big/img_3668</filename>
    <object>
        <face>face</face>
        <bndbox>
            <xmin>10</xmin>
            <ymin>128</ymin>
            <xmax>183</xmax>
            <ymax>238</ymax>
        </bndbox>
    </object>
    <object>
        <face>face</face>
        <bndbox>
            <xmin>212</xmin>
            <ymin>49</ymin>
            <xmax>408</xmax>
            <ymax>186</ymax>
        </bndbox>
    </object>
</annotation>
