<?xml version="1.0" ?>
<annotation>
    <filename>2002/08/25/big/img_150</filename>
    <object>
        <face>face</face>
        <bndbox>
            <xmin>42</xmin>
            <ymin>32</ymin>
            <xmax>171</xmax>
            <ymax>117</ymax>
        </bndbox>
    </object>
    <object>
        <face>face</face>
        <bndbox>
            <xmin>125</xmin>
            <ymin>53</ymin>
            <xmax>253</xmax>
            <ymax>134</ymax>
        </bndbox>
    </object>
</annotation>
