<?xml version="1.0" ?>
<annotation>
    <filename>2002/07/26/big/img_998</filename>
    <object>
        <face>face</face>
        <bndbox>
            <xmin>69</xmin>
            <ymin>35</ymin>
            <xmax>183</xmax>
            <ymax>115</ymax>
        </bndbox>
    </object>
    <object>
        <face>face</face>
        <bndbox>
            <xmin>275</xmin>
            <ymin>74</ymin>
            <xmax>381</xmax>
            <ymax>145</ymax>
        </bndbox>
    </object>
</annotation>
