<?xml version="1.0" ?>
<annotation>
    <filename>2002/08/11/big/img_492</filename>
    <object>
        <face>face</face>
        <bndbox>
            <xmin>142</xmin>
            <ymin>51</ymin>
            <xmax>251</xmax>
            <ymax>119</ymax>
        </bndbox>
    </object>
    <object>
        <face>face</face>
        <bndbox>
            <xmin>316</xmin>
            <ymin>35</ymin>
            <xmax>419</xmax>
            <ymax>104</ymax>
        </bndbox>
    </object>
</annotation>
