<?xml version="1.0" ?>
<annotation>
    <filename>2002/08/19/big/img_398</filename>
    <object>
        <face>face</face>
        <bndbox>
            <xmin>-21</xmin>
            <ymin>127</ymin>
            <xmax>177</xmax>
            <ymax>259</ymax>
        </bndbox>
    </object>
    <object>
        <face>face</face>
        <bndbox>
            <xmin>57</xmin>
            <ymin>84</ymin>
            <xmax>307</xmax>
            <ymax>256</ymax>
        </bndbox>
    </object>
</annotation>
