<?xml version="1.0" ?>
<annotation>
    <filename>2002/08/30/big/img_18200</filename>
    <object>
        <face>face</face>
        <bndbox>
            <xmin>-10</xmin>
            <ymin>57</ymin>
            <xmax>78</xmax>
            <ymax>114</ymax>
        </bndbox>
    </object>
    <object>
        <face>face</face>
        <bndbox>
            <xmin>4</xmin>
            <ymin>235</ymin>
            <xmax>82</xmax>
            <ymax>285</ymax>
        </bndbox>
    </object>
    <object>
        <face>face</face>
        <bndbox>
            <xmin>110</xmin>
            <ymin>149</ymin>
            <xmax>186</xmax>
            <ymax>198</ymax>
        </bndbox>
    </object>
    <object>
        <face>face</face>
        <bndbox>
            <xmin>161</xmin>
            <ymin>121</ymin>
            <xmax>295</xmax>
            <ymax>204</ymax>
        </bndbox>
    </object>
    <object>
        <face>face</face>
        <bndbox>
            <xmin>250</xmin>
            <ymin>132</ymin>
            <xmax>327</xmax>
            <ymax>181</ymax>
        </bndbox>
    </object>
    <object>
        <face>face</face>
        <bndbox>
            <xmin>361</xmin>
            <ymin>47</ymin>
            <xmax>445</xmax>
            <ymax>102</ymax>
        </bndbox>
    </object>
</annotation>
