<?xml version="1.0" ?>
<annotation>
    <filename>2002/07/24/big/img_836</filename>
    <object>
        <face>face</face>
        <bndbox>
            <xmin>177</xmin>
            <ymin>107</ymin>
            <xmax>350</xmax>
            <ymax>221</ymax>
        </bndbox>
    </object>
    <object>
        <face>face</face>
        <bndbox>
            <xmin>30</xmin>
            <ymin>257</ymin>
            <xmax>71</xmax>
            <ymax>286</ymax>
        </bndbox>
    </object>
    <object>
        <face>face</face>
        <bndbox>
            <xmin>377</xmin>
            <ymin>230</ymin>
            <xmax>450</xmax>
            <ymax>278</ymax>
        </bndbox>
    </object>
    <object>
        <face>face</face>
        <bndbox>
            <xmin>3</xmin>
            <ymin>260</ymin>
            <xmax>41</xmax>
            <ymax>289</ymax>
        </bndbox>
    </object>
    <object>
        <face>face</face>
        <bndbox>
            <xmin>76</xmin>
            <ymin>243</ymin>
            <xmax>122</xmax>
            <ymax>276</ymax>
        </bndbox>
    </object>
</annotation>
