<?xml version="1.0" ?>
<annotation>
    <filename>2002/08/16/big/img_980</filename>
    <object>
        <face>face</face>
        <bndbox>
            <xmin>153</xmin>
            <ymin>87</ymin>
            <xmax>302</xmax>
            <ymax>180</ymax>
        </bndbox>
    </object>
    <object>
        <face>face</face>
        <bndbox>
            <xmin>310</xmin>
            <ymin>124</ymin>
            <xmax>407</xmax>
            <ymax>187</ymax>
        </bndbox>
    </object>
</annotation>
