<?xml version="1.0" ?>
<annotation>
    <filename>2002/07/31/big/img_207</filename>
    <object>
        <face>face</face>
        <bndbox>
            <xmin>131</xmin>
            <ymin>59</ymin>
            <xmax>206</xmax>
            <ymax>105</ymax>
        </bndbox>
    </object>
    <object>
        <face>face</face>
        <bndbox>
            <xmin>293</xmin>
            <ymin>71</ymin>
            <xmax>390</xmax>
            <ymax>132</ymax>
        </bndbox>
    </object>
</annotation>
