<?xml version="1.0" ?>
<annotation>
    <filename>2002/07/31/big/img_236</filename>
    <object>
        <face>face</face>
        <bndbox>
            <xmin>-1</xmin>
            <ymin>154</ymin>
            <xmax>107</xmax>
            <ymax>234</ymax>
        </bndbox>
    </object>
    <object>
        <face>face</face>
        <bndbox>
            <xmin>77</xmin>
            <ymin>70</ymin>
            <xmax>218</xmax>
            <ymax>162</ymax>
        </bndbox>
    </object>
    <object>
        <face>face</face>
        <bndbox>
            <xmin>149</xmin>
            <ymin>82</ymin>
            <xmax>299</xmax>
            <ymax>179</ymax>
        </bndbox>
    </object>
    <object>
        <face>face</face>
        <bndbox>
            <xmin>285</xmin>
            <ymin>102</ymin>
            <xmax>459</xmax>
            <ymax>221</ymax>
        </bndbox>
    </object>
</annotation>
