<?xml version="1.0" ?>
<annotation>
    <filename>2002/08/13/big/img_564</filename>
    <object>
        <face>face</face>
        <bndbox>
            <xmin>-15</xmin>
            <ymin>32</ymin>
            <xmax>95</xmax>
            <ymax>103</ymax>
        </bndbox>
    </object>
    <object>
        <face>face</face>
        <bndbox>
            <xmin>69</xmin>
            <ymin>62</ymin>
            <xmax>207</xmax>
            <ymax>160</ymax>
        </bndbox>
    </object>
    <object>
        <face>face</face>
        <bndbox>
            <xmin>238</xmin>
            <ymin>63</ymin>
            <xmax>377</xmax>
            <ymax>155</ymax>
        </bndbox>
    </object>
    <object>
        <face>face</face>
        <bndbox>
            <xmin>222</xmin>
            <ymin>0</ymin>
            <xmax>306</xmax>
            <ymax>60</ymax>
        </bndbox>
    </object>
</annotation>
