<?xml version="1.0" ?>
<annotation>
    <filename>2002/07/29/big/img_502</filename>
    <object>
        <face>face</face>
        <bndbox>
            <xmin>-6</xmin>
            <ymin>84</ymin>
            <xmax>149</xmax>
            <ymax>188</ymax>
        </bndbox>
    </object>
    <object>
        <face>face</face>
        <bndbox>
            <xmin>82</xmin>
            <ymin>226</ymin>
            <xmax>249</xmax>
            <ymax>337</ymax>
        </bndbox>
    </object>
    <object>
        <face>face</face>
        <bndbox>
            <xmin>153</xmin>
            <ymin>67</ymin>
            <xmax>313</xmax>
            <ymax>171</ymax>
        </bndbox>
    </object>
    <object>
        <face>face</face>
        <bndbox>
            <xmin>219</xmin>
            <ymin>313</ymin>
            <xmax>364</xmax>
            <ymax>391</ymax>
        </bndbox>
    </object>
</annotation>
