<?xml version="1.0" ?>
<annotation>
    <filename>2002/08/15/big/img_448</filename>
    <object>
        <face>face</face>
        <bndbox>
            <xmin>71</xmin>
            <ymin>265</ymin>
            <xmax>256</xmax>
            <ymax>389</ymax>
        </bndbox>
    </object>
    <object>
        <face>face</face>
        <bndbox>
            <xmin>-6</xmin>
            <ymin>34</ymin>
            <xmax>170</xmax>
            <ymax>180</ymax>
        </bndbox>
    </object>
    <object>
        <face>face</face>
        <bndbox>
            <xmin>124</xmin>
            <ymin>112</ymin>
            <xmax>286</xmax>
            <ymax>253</ymax>
        </bndbox>
    </object>
</annotation>
