<?xml version="1.0" ?>
<annotation>
    <filename>2002/08/24/big/img_873</filename>
    <object>
        <face>face</face>
        <bndbox>
            <xmin>-51</xmin>
            <ymin>98</ymin>
            <xmax>109</xmax>
            <ymax>200</ymax>
        </bndbox>
    </object>
    <object>
        <face>face</face>
        <bndbox>
            <xmin>114</xmin>
            <ymin>46</ymin>
            <xmax>220</xmax>
            <ymax>120</ymax>
        </bndbox>
    </object>
    <object>
        <face>face</face>
        <bndbox>
            <xmin>45</xmin>
            <ymin>3</ymin>
            <xmax>97</xmax>
            <ymax>43</ymax>
        </bndbox>
    </object>
    <object>
        <face>face</face>
        <bndbox>
            <xmin>337</xmin>
            <ymin>54</ymin>
            <xmax>473</xmax>
            <ymax>146</ymax>
        </bndbox>
    </object>
    <object>
        <face>face</face>
        <bndbox>
            <xmin>180</xmin>
            <ymin>62</ymin>
            <xmax>313</xmax>
            <ymax>156</ymax>
        </bndbox>
    </object>
</annotation>
