<?xml version="1.0" ?>
<annotation>
    <filename>2002/07/25/big/img_171</filename>
    <object>
        <face>face</face>
        <bndbox>
            <xmin>53</xmin>
            <ymin>57</ymin>
            <xmax>194</xmax>
            <ymax>139</ymax>
        </bndbox>
    </object>
    <object>
        <face>face</face>
        <bndbox>
            <xmin>229</xmin>
            <ymin>61</ymin>
            <xmax>376</xmax>
            <ymax>158</ymax>
        </bndbox>
    </object>
    <object>
        <face>face</face>
        <bndbox>
            <xmin>104</xmin>
            <ymin>-28</ymin>
            <xmax>221</xmax>
            <ymax>64</ymax>
        </bndbox>
    </object>
</annotation>
