<?xml version="1.0" ?>
<annotation>
    <filename>2002/08/26/big/img_88</filename>
    <object>
        <face>face</face>
        <bndbox>
            <xmin>132</xmin>
            <ymin>36</ymin>
            <xmax>256</xmax>
            <ymax>111</ymax>
        </bndbox>
    </object>
    <object>
        <face>face</face>
        <bndbox>
            <xmin>94</xmin>
            <ymin>309</ymin>
            <xmax>174</xmax>
            <ymax>371</ymax>
        </bndbox>
    </object>
</annotation>
