<?xml version="1.0" ?>
<annotation>
    <filename>2002/07/19/big/img_247</filename>
    <object>
        <face>face</face>
        <bndbox>
            <xmin>58</xmin>
            <ymin>66</ymin>
            <xmax>244</xmax>
            <ymax>199</ymax>
        </bndbox>
    </object>
    <object>
        <face>face</face>
        <bndbox>
            <xmin>218</xmin>
            <ymin>178</ymin>
            <xmax>344</xmax>
            <ymax>245</ymax>
        </bndbox>
    </object>
</annotation>
