<?xml version="1.0" ?>
<annotation>
    <filename>2002/07/27/big/img_914</filename>
    <object>
        <face>face</face>
        <bndbox>
            <xmin>96</xmin>
            <ymin>40</ymin>
            <xmax>212</xmax>
            <ymax>114</ymax>
        </bndbox>
    </object>
    <object>
        <face>face</face>
        <bndbox>
            <xmin>34</xmin>
            <ymin>201</ymin>
            <xmax>87</xmax>
            <ymax>237</ymax>
        </bndbox>
    </object>
</annotation>
