<?xml version="1.0" ?>
<annotation>
    <filename>2002/07/22/big/img_626</filename>
    <object>
        <face>face</face>
        <bndbox>
            <xmin>99</xmin>
            <ymin>27</ymin>
            <xmax>204</xmax>
            <ymax>100</ymax>
        </bndbox>
    </object>
    <object>
        <face>face</face>
        <bndbox>
            <xmin>255</xmin>
            <ymin>70</ymin>
            <xmax>358</xmax>
            <ymax>135</ymax>
        </bndbox>
    </object>
</annotation>
