<?xml version="1.0" ?>
<annotation>
    <filename>2002/07/25/big/img_482</filename>
    <object>
        <face>face</face>
        <bndbox>
            <xmin>116</xmin>
            <ymin>78</ymin>
            <xmax>238</xmax>
            <ymax>161</ymax>
        </bndbox>
    </object>
    <object>
        <face>face</face>
        <bndbox>
            <xmin>24</xmin>
            <ymin>282</ymin>
            <xmax>143</xmax>
            <ymax>359</ymax>
        </bndbox>
    </object>
    <object>
        <face>face</face>
        <bndbox>
            <xmin>336</xmin>
            <ymin>300</ymin>
            <xmax>453</xmax>
            <ymax>365</ymax>
        </bndbox>
    </object>
</annotation>
