<?xml version="1.0" ?>
<annotation>
    <filename>2002/08/27/big/img_20037</filename>
    <object>
        <face>face</face>
        <bndbox>
            <xmin>11</xmin>
            <ymin>38</ymin>
            <xmax>155</xmax>
            <ymax>136</ymax>
        </bndbox>
    </object>
    <object>
        <face>face</face>
        <bndbox>
            <xmin>102</xmin>
            <ymin>37</ymin>
            <xmax>220</xmax>
            <ymax>118</ymax>
        </bndbox>
    </object>
    <object>
        <face>face</face>
        <bndbox>
            <xmin>234</xmin>
            <ymin>61</ymin>
            <xmax>329</xmax>
            <ymax>122</ymax>
        </bndbox>
    </object>
    <object>
        <face>face</face>
        <bndbox>
            <xmin>295</xmin>
            <ymin>51</ymin>
            <xmax>442</xmax>
            <ymax>147</ymax>
        </bndbox>
    </object>
</annotation>
