<?xml version="1.0" ?>
<annotation>
    <filename>2002/08/22/big/img_798</filename>
    <object>
        <face>face</face>
        <bndbox>
            <xmin>107</xmin>
            <ymin>65</ymin>
            <xmax>301</xmax>
            <ymax>187</ymax>
        </bndbox>
    </object>
    <object>
        <face>face</face>
        <bndbox>
            <xmin>44</xmin>
            <ymin>284</ymin>
            <xmax>130</xmax>
            <ymax>367</ymax>
        </bndbox>
    </object>
</annotation>
