<?xml version="1.0" ?>
<annotation>
    <filename>2002/08/29/big/img_18897</filename>
    <object>
        <face>face</face>
        <bndbox>
            <xmin>43</xmin>
            <ymin>53</ymin>
            <xmax>211</xmax>
            <ymax>166</ymax>
        </bndbox>
    </object>
    <object>
        <face>face</face>
        <bndbox>
            <xmin>248</xmin>
            <ymin>54</ymin>
            <xmax>290</xmax>
            <ymax>80</ymax>
        </bndbox>
    </object>
    <object>
        <face>face</face>
        <bndbox>
            <xmin>193</xmin>
            <ymin>56</ymin>
            <xmax>213</xmax>
            <ymax>72</ymax>
        </bndbox>
    </object>
    <object>
        <face>face</face>
        <bndbox>
            <xmin>157</xmin>
            <ymin>57</ymin>
            <xmax>199</xmax>
            <ymax>87</ymax>
        </bndbox>
    </object>
    <object>
        <face>face</face>
        <bndbox>
            <xmin>289</xmin>
            <ymin>45</ymin>
            <xmax>321</xmax>
            <ymax>69</ymax>
        </bndbox>
    </object>
    <object>
        <face>face</face>
        <bndbox>
            <xmin>354</xmin>
            <ymin>59</ymin>
            <xmax>400</xmax>
            <ymax>96</ymax>
        </bndbox>
    </object>
    <object>
        <face>face</face>
        <bndbox>
            <xmin>385</xmin>
            <ymin>50</ymin>
            <xmax>417</xmax>
            <ymax>75</ymax>
        </bndbox>
    </object>
    <object>
        <face>face</face>
        <bndbox>
            <xmin>415</xmin>
            <ymin>69</ymin>
            <xmax>447</xmax>
            <ymax>90</ymax>
        </bndbox>
    </object>
</annotation>
