<?xml version="1.0" ?>
<annotation>
    <filename>2002/08/26/big/img_674</filename>
    <object>
        <face>face</face>
        <bndbox>
            <xmin>-4</xmin>
            <ymin>66</ymin>
            <xmax>190</xmax>
            <ymax>202</ymax>
        </bndbox>
    </object>
    <object>
        <face>face</face>
        <bndbox>
            <xmin>139</xmin>
            <ymin>113</ymin>
            <xmax>273</xmax>
            <ymax>213</ymax>
        </bndbox>
    </object>
    <object>
        <face>face</face>
        <bndbox>
            <xmin>223</xmin>
            <ymin>20</ymin>
            <xmax>432</xmax>
            <ymax>157</ymax>
        </bndbox>
    </object>
</annotation>
