<?xml version="1.0" ?>
<annotation>
    <filename>2002/07/31/big/img_639</filename>
    <object>
        <face>face</face>
        <bndbox>
            <xmin>63</xmin>
            <ymin>81</ymin>
            <xmax>161</xmax>
            <ymax>147</ymax>
        </bndbox>
    </object>
    <object>
        <face>face</face>
        <bndbox>
            <xmin>193</xmin>
            <ymin>59</ymin>
            <xmax>287</xmax>
            <ymax>123</ymax>
        </bndbox>
    </object>
    <object>
        <face>face</face>
        <bndbox>
            <xmin>290</xmin>
            <ymin>88</ymin>
            <xmax>380</xmax>
            <ymax>146</ymax>
        </bndbox>
    </object>
</annotation>
