<?xml version="1.0" ?>
<annotation>
    <filename>2002/08/26/big/img_265</filename>
    <object>
        <face>face</face>
        <bndbox>
            <xmin>37</xmin>
            <ymin>42</ymin>
            <xmax>172</xmax>
            <ymax>131</ymax>
        </bndbox>
    </object>
    <object>
        <face>face</face>
        <bndbox>
            <xmin>142</xmin>
            <ymin>102</ymin>
            <xmax>226</xmax>
            <ymax>156</ymax>
        </bndbox>
    </object>
    <object>
        <face>face</face>
        <bndbox>
            <xmin>269</xmin>
            <ymin>74</ymin>
            <xmax>411</xmax>
            <ymax>160</ymax>
        </bndbox>
    </object>
</annotation>
