<?xml version="1.0" ?>
<annotation>
    <filename>2002/08/02/big/img_709</filename>
    <object>
        <face>face</face>
        <bndbox>
            <xmin>54</xmin>
            <ymin>51</ymin>
            <xmax>159</xmax>
            <ymax>117</ymax>
        </bndbox>
    </object>
    <object>
        <face>face</face>
        <bndbox>
            <xmin>260</xmin>
            <ymin>62</ymin>
            <xmax>363</xmax>
            <ymax>126</ymax>
        </bndbox>
    </object>
</annotation>
