<?xml version="1.0" ?>
<annotation>
    <filename>2002/08/08/big/img_384</filename>
    <object>
        <face>face</face>
        <bndbox>
            <xmin>63</xmin>
            <ymin>90</ymin>
            <xmax>186</xmax>
            <ymax>163</ymax>
        </bndbox>
    </object>
    <object>
        <face>face</face>
        <bndbox>
            <xmin>247</xmin>
            <ymin>46</ymin>
            <xmax>410</xmax>
            <ymax>141</ymax>
        </bndbox>
    </object>
</annotation>
