<?xml version="1.0" ?>
<annotation>
    <filename>2002/07/23/big/img_607</filename>
    <object>
        <face>face</face>
        <bndbox>
            <xmin>209</xmin>
            <ymin>24</ymin>
            <xmax>371</xmax>
            <ymax>125</ymax>
        </bndbox>
    </object>
    <object>
        <face>face</face>
        <bndbox>
            <xmin>128</xmin>
            <ymin>41</ymin>
            <xmax>224</xmax>
            <ymax>96</ymax>
        </bndbox>
    </object>
</annotation>
