<?xml version="1.0" ?>
<annotation>
    <filename>2002/08/28/big/img_19234</filename>
    <object>
        <face>face</face>
        <bndbox>
            <xmin>149</xmin>
            <ymin>110</ymin>
            <xmax>272</xmax>
            <ymax>192</ymax>
        </bndbox>
    </object>
    <object>
        <face>face</face>
        <bndbox>
            <xmin>-12</xmin>
            <ymin>178</ymin>
            <xmax>49</xmax>
            <ymax>218</ymax>
        </bndbox>
    </object>
    <object>
        <face>face</face>
        <bndbox>
            <xmin>-4</xmin>
            <ymin>92</ymin>
            <xmax>44</xmax>
            <ymax>126</ymax>
        </bndbox>
    </object>
    <object>
        <face>face</face>
        <bndbox>
            <xmin>2</xmin>
            <ymin>138</ymin>
            <xmax>52</xmax>
            <ymax>172</ymax>
        </bndbox>
    </object>
    <object>
        <face>face</face>
        <bndbox>
            <xmin>104</xmin>
            <ymin>78</ymin>
            <xmax>155</xmax>
            <ymax>115</ymax>
        </bndbox>
    </object>
    <object>
        <face>face</face>
        <bndbox>
            <xmin>205</xmin>
            <ymin>57</ymin>
            <xmax>262</xmax>
            <ymax>98</ymax>
        </bndbox>
    </object>
    <object>
        <face>face</face>
        <bndbox>
            <xmin>322</xmin>
            <ymin>209</ymin>
            <xmax>373</xmax>
            <ymax>243</ymax>
        </bndbox>
    </object>
    <object>
        <face>face</face>
        <bndbox>
            <xmin>231</xmin>
            <ymin>200</ymin>
            <xmax>280</xmax>
            <ymax>231</ymax>
        </bndbox>
    </object>
</annotation>
