<?xml version="1.0" ?>
<annotation>
    <filename>2002/07/23/big/img_366</filename>
    <object>
        <face>face</face>
        <bndbox>
            <xmin>106</xmin>
            <ymin>49</ymin>
            <xmax>208</xmax>
            <ymax>129</ymax>
        </bndbox>
    </object>
    <object>
        <face>face</face>
        <bndbox>
            <xmin>257</xmin>
            <ymin>48</ymin>
            <xmax>421</xmax>
            <ymax>166</ymax>
        </bndbox>
    </object>
</annotation>
