<?xml version="1.0" ?>
<annotation>
    <filename>2002/07/29/big/img_71</filename>
    <object>
        <face>face</face>
        <bndbox>
            <xmin>81</xmin>
            <ymin>51</ymin>
            <xmax>165</xmax>
            <ymax>108</ymax>
        </bndbox>
    </object>
    <object>
        <face>face</face>
        <bndbox>
            <xmin>-6</xmin>
            <ymin>222</ymin>
            <xmax>61</xmax>
            <ymax>275</ymax>
        </bndbox>
    </object>
    <object>
        <face>face</face>
        <bndbox>
            <xmin>294</xmin>
            <ymin>31</ymin>
            <xmax>368</xmax>
            <ymax>79</ymax>
        </bndbox>
    </object>
</annotation>
