<?xml version="1.0" ?>
<annotation>
    <filename>2002/09/01/big/img_16942</filename>
    <object>
        <face>face</face>
        <bndbox>
            <xmin>66</xmin>
            <ymin>34</ymin>
            <xmax>182</xmax>
            <ymax>110</ymax>
        </bndbox>
    </object>
    <object>
        <face>face</face>
        <bndbox>
            <xmin>218</xmin>
            <ymin>21</ymin>
            <xmax>261</xmax>
            <ymax>56</ymax>
        </bndbox>
    </object>
    <object>
        <face>face</face>
        <bndbox>
            <xmin>9</xmin>
            <ymin>80</ymin>
            <xmax>53</xmax>
            <ymax>111</ymax>
        </bndbox>
    </object>
    <object>
        <face>face</face>
        <bndbox>
            <xmin>332</xmin>
            <ymin>45</ymin>
            <xmax>380</xmax>
            <ymax>78</ymax>
        </bndbox>
    </object>
    <object>
        <face>face</face>
        <bndbox>
            <xmin>297</xmin>
            <ymin>32</ymin>
            <xmax>345</xmax>
            <ymax>64</ymax>
        </bndbox>
    </object>
</annotation>
