<?xml version="1.0" ?>
<annotation>
    <filename>2002/09/01/big/img_16136</filename>
    <object>
        <face>face</face>
        <bndbox>
            <xmin>-12</xmin>
            <ymin>116</ymin>
            <xmax>93</xmax>
            <ymax>186</ymax>
        </bndbox>
    </object>
    <object>
        <face>face</face>
        <bndbox>
            <xmin>103</xmin>
            <ymin>180</ymin>
            <xmax>196</xmax>
            <ymax>235</ymax>
        </bndbox>
    </object>
    <object>
        <face>face</face>
        <bndbox>
            <xmin>161</xmin>
            <ymin>59</ymin>
            <xmax>264</xmax>
            <ymax>122</ymax>
        </bndbox>
    </object>
    <object>
        <face>face</face>
        <bndbox>
            <xmin>211</xmin>
            <ymin>91</ymin>
            <xmax>324</xmax>
            <ymax>160</ymax>
        </bndbox>
    </object>
    <object>
        <face>face</face>
        <bndbox>
            <xmin>321</xmin>
            <ymin>103</ymin>
            <xmax>423</xmax>
            <ymax>164</ymax>
        </bndbox>
    </object>
    <object>
        <face>face</face>
        <bndbox>
            <xmin>363</xmin>
            <ymin>82</ymin>
            <xmax>468</xmax>
            <ymax>151</ymax>
        </bndbox>
    </object>
    <object>
        <face>face</face>
        <bndbox>
            <xmin>404</xmin>
            <ymin>248</ymin>
            <xmax>494</xmax>
            <ymax>299</ymax>
        </bndbox>
    </object>
</annotation>
