<?xml version="1.0" ?>
<annotation>
    <filename>2002/09/02/big/img_15278</filename>
    <object>
        <face>face</face>
        <bndbox>
            <xmin>123</xmin>
            <ymin>44</ymin>
            <xmax>216</xmax>
            <ymax>107</ymax>
        </bndbox>
    </object>
    <object>
        <face>face</face>
        <bndbox>
            <xmin>-21</xmin>
            <ymin>301</ymin>
            <xmax>57</xmax>
            <ymax>351</ymax>
        </bndbox>
    </object>
</annotation>
