<?xml version="1.0" ?>
<annotation>
    <filename>2002/08/09/big/img_242</filename>
    <object>
        <face>face</face>
        <bndbox>
            <xmin>195</xmin>
            <ymin>58</ymin>
            <xmax>437</xmax>
            <ymax>215</ymax>
        </bndbox>
    </object>
    <object>
        <face>face</face>
        <bndbox>
            <xmin>-78</xmin>
            <ymin>143</ymin>
            <xmax>118</xmax>
            <ymax>268</ymax>
        </bndbox>
    </object>
</annotation>
