<?xml version="1.0" ?>
<annotation>
    <filename>2002/08/08/big/img_115</filename>
    <object>
        <face>face</face>
        <bndbox>
            <xmin>-13</xmin>
            <ymin>76</ymin>
            <xmax>255</xmax>
            <ymax>219</ymax>
        </bndbox>
    </object>
    <object>
        <face>face</face>
        <bndbox>
            <xmin>133</xmin>
            <ymin>139</ymin>
            <xmax>305</xmax>
            <ymax>256</ymax>
        </bndbox>
    </object>
</annotation>
