<?xml version="1.0" ?>
<annotation>
    <filename>2002/08/21/big/img_738</filename>
    <object>
        <face>face</face>
        <bndbox>
            <xmin>58</xmin>
            <ymin>33</ymin>
            <xmax>224</xmax>
            <ymax>151</ymax>
        </bndbox>
    </object>
    <object>
        <face>face</face>
        <bndbox>
            <xmin>249</xmin>
            <ymin>52</ymin>
            <xmax>428</xmax>
            <ymax>157</ymax>
        </bndbox>
    </object>
</annotation>
