<?xml version="1.0" ?>
<annotation>
    <filename>2002/08/09/big/img_806</filename>
    <object>
        <face>face</face>
        <bndbox>
            <xmin>83</xmin>
            <ymin>76</ymin>
            <xmax>252</xmax>
            <ymax>189</ymax>
        </bndbox>
    </object>
    <object>
        <face>face</face>
        <bndbox>
            <xmin>47</xmin>
            <ymin>197</ymin>
            <xmax>73</xmax>
            <ymax>219</ymax>
        </bndbox>
    </object>
    <object>
        <face>face</face>
        <bndbox>
            <xmin>74</xmin>
            <ymin>196</ymin>
            <xmax>101</xmax>
            <ymax>217</ymax>
        </bndbox>
    </object>
    <object>
        <face>face</face>
        <bndbox>
            <xmin>100</xmin>
            <ymin>198</ymin>
            <xmax>126</xmax>
            <ymax>218</ymax>
        </bndbox>
    </object>
    <object>
        <face>face</face>
        <bndbox>
            <xmin>207</xmin>
            <ymin>203</ymin>
            <xmax>231</xmax>
            <ymax>221</ymax>
        </bndbox>
    </object>
    <object>
        <face>face</face>
        <bndbox>
            <xmin>233</xmin>
            <ymin>200</ymin>
            <xmax>257</xmax>
            <ymax>217</ymax>
        </bndbox>
    </object>
    <object>
        <face>face</face>
        <bndbox>
            <xmin>250</xmin>
            <ymin>198</ymin>
            <xmax>274</xmax>
            <ymax>216</ymax>
        </bndbox>
    </object>
    <object>
        <face>face</face>
        <bndbox>
            <xmin>280</xmin>
            <ymin>198</ymin>
            <xmax>306</xmax>
            <ymax>218</ymax>
        </bndbox>
    </object>
    <object>
        <face>face</face>
        <bndbox>
            <xmin>304</xmin>
            <ymin>201</ymin>
            <xmax>331</xmax>
            <ymax>220</ymax>
        </bndbox>
    </object>
    <object>
        <face>face</face>
        <bndbox>
            <xmin>323</xmin>
            <ymin>201</ymin>
            <xmax>346</xmax>
            <ymax>219</ymax>
        </bndbox>
    </object>
</annotation>
