<?xml version="1.0" ?>
<annotation>
    <filename>2002/08/15/big/img_1183</filename>
    <object>
        <face>face</face>
        <bndbox>
            <xmin>-23</xmin>
            <ymin>88</ymin>
            <xmax>90</xmax>
            <ymax>159</ymax>
        </bndbox>
    </object>
    <object>
        <face>face</face>
        <bndbox>
            <xmin>45</xmin>
            <ymin>59</ymin>
            <xmax>137</xmax>
            <ymax>122</ymax>
        </bndbox>
    </object>
    <object>
        <face>face</face>
        <bndbox>
            <xmin>146</xmin>
            <ymin>33</ymin>
            <xmax>260</xmax>
            <ymax>109</ymax>
        </bndbox>
    </object>
    <object>
        <face>face</face>
        <bndbox>
            <xmin>359</xmin>
            <ymin>19</ymin>
            <xmax>457</xmax>
            <ymax>80</ymax>
        </bndbox>
    </object>
</annotation>
