<?xml version="1.0" ?>
<annotation>
    <filename>2002/08/04/big/img_427</filename>
    <object>
        <face>face</face>
        <bndbox>
            <xmin>72</xmin>
            <ymin>117</ymin>
            <xmax>166</xmax>
            <ymax>182</ymax>
        </bndbox>
    </object>
    <object>
        <face>face</face>
        <bndbox>
            <xmin>242</xmin>
            <ymin>129</ymin>
            <xmax>336</xmax>
            <ymax>192</ymax>
        </bndbox>
    </object>
</annotation>
