<?xml version="1.0" ?>
<annotation>
    <filename>2002/08/01/big/img_1389</filename>
    <object>
        <face>face</face>
        <bndbox>
            <xmin>0</xmin>
            <ymin>266</ymin>
            <xmax>132</xmax>
            <ymax>352</ymax>
        </bndbox>
    </object>
    <object>
        <face>face</face>
        <bndbox>
            <xmin>156</xmin>
            <ymin>181</ymin>
            <xmax>276</xmax>
            <ymax>259</ymax>
        </bndbox>
    </object>
    <object>
        <face>face</face>
        <bndbox>
            <xmin>284</xmin>
            <ymin>42</ymin>
            <xmax>338</xmax>
            <ymax>78</ymax>
        </bndbox>
    </object>
    <object>
        <face>face</face>
        <bndbox>
            <xmin>278</xmin>
            <ymin>191</ymin>
            <xmax>336</xmax>
            <ymax>224</ymax>
        </bndbox>
    </object>
    <object>
        <face>face</face>
        <bndbox>
            <xmin>281</xmin>
            <ymin>321</ymin>
            <xmax>338</xmax>
            <ymax>358</ymax>
        </bndbox>
    </object>
</annotation>
