<?xml version="1.0" ?>
<annotation>
    <filename>2002/07/31/big/img_360</filename>
    <object>
        <face>face</face>
        <bndbox>
            <xmin>-66</xmin>
            <ymin>95</ymin>
            <xmax>86</xmax>
            <ymax>190</ymax>
        </bndbox>
    </object>
    <object>
        <face>face</face>
        <bndbox>
            <xmin>52</xmin>
            <ymin>55</ymin>
            <xmax>276</xmax>
            <ymax>189</ymax>
        </bndbox>
    </object>
</annotation>
