<?xml version="1.0" ?>
<annotation>
    <filename>2002/08/02/big/img_1045</filename>
    <object>
        <face>face</face>
        <bndbox>
            <xmin>140</xmin>
            <ymin>58</ymin>
            <xmax>291</xmax>
            <ymax>158</ymax>
        </bndbox>
    </object>
    <object>
        <face>face</face>
        <bndbox>
            <xmin>0</xmin>
            <ymin>28</ymin>
            <xmax>81</xmax>
            <ymax>79</ymax>
        </bndbox>
    </object>
    <object>
        <face>face</face>
        <bndbox>
            <xmin>61</xmin>
            <ymin>0</ymin>
            <xmax>86</xmax>
            <ymax>14</ymax>
        </bndbox>
    </object>
</annotation>
