<?xml version="1.0" ?>
<annotation>
    <filename>2002/08/01/big/img_2069</filename>
    <object>
        <face>face</face>
        <bndbox>
            <xmin>96</xmin>
            <ymin>32</ymin>
            <xmax>205</xmax>
            <ymax>102</ymax>
        </bndbox>
    </object>
    <object>
        <face>face</face>
        <bndbox>
            <xmin>255</xmin>
            <ymin>97</ymin>
            <xmax>364</xmax>
            <ymax>169</ymax>
        </bndbox>
    </object>
</annotation>
