<?xml version="1.0" ?>
<annotation>
    <filename>2002/09/02/big/img_15605</filename>
    <object>
        <face>face</face>
        <bndbox>
            <xmin>67</xmin>
            <ymin>102</ymin>
            <xmax>283</xmax>
            <ymax>223</ymax>
        </bndbox>
    </object>
    <object>
        <face>face</face>
        <bndbox>
            <xmin>285</xmin>
            <ymin>122</ymin>
            <xmax>316</xmax>
            <ymax>144</ymax>
        </bndbox>
    </object>
</annotation>
