<?xml version="1.0" ?>
<annotation>
    <filename>2002/09/02/big/img_15823</filename>
    <object>
        <face>face</face>
        <bndbox>
            <xmin>16</xmin>
            <ymin>117</ymin>
            <xmax>157</xmax>
            <ymax>209</ymax>
        </bndbox>
    </object>
    <object>
        <face>face</face>
        <bndbox>
            <xmin>247</xmin>
            <ymin>37</ymin>
            <xmax>390</xmax>
            <ymax>138</ymax>
        </bndbox>
    </object>
</annotation>
