<?xml version="1.0" ?>
<annotation>
    <filename>2002/07/19/big/img_254</filename>
    <object>
        <face>face</face>
        <bndbox>
            <xmin>49</xmin>
            <ymin>60</ymin>
            <xmax>202</xmax>
            <ymax>172</ymax>
        </bndbox>
    </object>
    <object>
        <face>face</face>
        <bndbox>
            <xmin>153</xmin>
            <ymin>115</ymin>
            <xmax>243</xmax>
            <ymax>179</ymax>
        </bndbox>
    </object>
</annotation>
