<?xml version="1.0" ?>
<annotation>
    <filename>2002/08/27/big/img_19976</filename>
    <object>
        <face>face</face>
        <bndbox>
            <xmin>62</xmin>
            <ymin>65</ymin>
            <xmax>177</xmax>
            <ymax>138</ymax>
        </bndbox>
    </object>
    <object>
        <face>face</face>
        <bndbox>
            <xmin>188</xmin>
            <ymin>94</ymin>
            <xmax>286</xmax>
            <ymax>162</ymax>
        </bndbox>
    </object>
</annotation>
