<?xml version="1.0" ?>
<annotation>
    <filename>2002/08/30/big/img_18380</filename>
    <object>
        <face>face</face>
        <bndbox>
            <xmin>82</xmin>
            <ymin>74</ymin>
            <xmax>254</xmax>
            <ymax>192</ymax>
        </bndbox>
    </object>
    <object>
        <face>face</face>
        <bndbox>
            <xmin>205</xmin>
            <ymin>141</ymin>
            <xmax>389</xmax>
            <ymax>249</ymax>
        </bndbox>
    </object>
</annotation>
