<?xml version="1.0" ?>
<annotation>
    <filename>2002/07/31/big/img_636</filename>
    <object>
        <face>face</face>
        <bndbox>
            <xmin>67</xmin>
            <ymin>98</ymin>
            <xmax>142</xmax>
            <ymax>143</ymax>
        </bndbox>
    </object>
    <object>
        <face>face</face>
        <bndbox>
            <xmin>159</xmin>
            <ymin>45</ymin>
            <xmax>242</xmax>
            <ymax>102</ymax>
        </bndbox>
    </object>
    <object>
        <face>face</face>
        <bndbox>
            <xmin>313</xmin>
            <ymin>37</ymin>
            <xmax>442</xmax>
            <ymax>122</ymax>
        </bndbox>
    </object>
</annotation>
