<?xml version="1.0" ?>
<annotation>
    <filename>2002/08/13/big/img_700</filename>
    <object>
        <face>face</face>
        <bndbox>
            <xmin>16</xmin>
            <ymin>110</ymin>
            <xmax>174</xmax>
            <ymax>216</ymax>
        </bndbox>
    </object>
    <object>
        <face>face</face>
        <bndbox>
            <xmin>176</xmin>
            <ymin>60</ymin>
            <xmax>333</xmax>
            <ymax>168</ymax>
        </bndbox>
    </object>
</annotation>
