<?xml version="1.0" ?>
<annotation>
    <filename>2002/07/22/big/img_652</filename>
    <object>
        <face>face</face>
        <bndbox>
            <xmin>155</xmin>
            <ymin>18</ymin>
            <xmax>267</xmax>
            <ymax>101</ymax>
        </bndbox>
    </object>
    <object>
        <face>face</face>
        <bndbox>
            <xmin>6</xmin>
            <ymin>154</ymin>
            <xmax>107</xmax>
            <ymax>230</ymax>
        </bndbox>
    </object>
    <object>
        <face>face</face>
        <bndbox>
            <xmin>198</xmin>
            <ymin>169</ymin>
            <xmax>310</xmax>
            <ymax>241</ymax>
        </bndbox>
    </object>
    <object>
        <face>face</face>
        <bndbox>
            <xmin>174</xmin>
            <ymin>266</ymin>
            <xmax>296</xmax>
            <ymax>344</ymax>
        </bndbox>
    </object>
    <object>
        <face>face</face>
        <bndbox>
            <xmin>-42</xmin>
            <ymin>134</ymin>
            <xmax>48</xmax>
            <ymax>170</ymax>
        </bndbox>
    </object>
</annotation>
