<?xml version="1.0" ?>
<annotation>
    <filename>2002/08/12/big/img_624</filename>
    <object>
        <face>face</face>
        <bndbox>
            <xmin>147</xmin>
            <ymin>55</ymin>
            <xmax>398</xmax>
            <ymax>216</ymax>
        </bndbox>
    </object>
    <object>
        <face>face</face>
        <bndbox>
            <xmin>302</xmin>
            <ymin>181</ymin>
            <xmax>490</xmax>
            <ymax>293</ymax>
        </bndbox>
    </object>
</annotation>
