<?xml version="1.0" ?>
<annotation>
    <filename>2002/08/04/big/img_444</filename>
    <object>
        <face>face</face>
        <bndbox>
            <xmin>110</xmin>
            <ymin>82</ymin>
            <xmax>256</xmax>
            <ymax>169</ymax>
        </bndbox>
    </object>
    <object>
        <face>face</face>
        <bndbox>
            <xmin>-19</xmin>
            <ymin>225</ymin>
            <xmax>50</xmax>
            <ymax>266</ymax>
        </bndbox>
    </object>
</annotation>
