<?xml version="1.0" ?>
<annotation>
    <filename>2002/07/19/big/img_523</filename>
    <object>
        <face>face</face>
        <bndbox>
            <xmin>61</xmin>
            <ymin>49</ymin>
            <xmax>205</xmax>
            <ymax>145</ymax>
        </bndbox>
    </object>
    <object>
        <face>face</face>
        <bndbox>
            <xmin>252</xmin>
            <ymin>77</ymin>
            <xmax>379</xmax>
            <ymax>154</ymax>
        </bndbox>
    </object>
</annotation>
