<?xml version="1.0" ?>
<annotation>
    <filename>2002/07/31/big/img_742</filename>
    <object>
        <face>face</face>
        <bndbox>
            <xmin>8</xmin>
            <ymin>59</ymin>
            <xmax>246</xmax>
            <ymax>214</ymax>
        </bndbox>
    </object>
    <object>
        <face>face</face>
        <bndbox>
            <xmin>226</xmin>
            <ymin>298</ymin>
            <xmax>247</xmax>
            <ymax>313</ymax>
        </bndbox>
    </object>
</annotation>
