<?xml version="1.0" ?>
<annotation>
    <filename>2002/08/08/big/img_666</filename>
    <object>
        <face>face</face>
        <bndbox>
            <xmin>22</xmin>
            <ymin>93</ymin>
            <xmax>186</xmax>
            <ymax>192</ymax>
        </bndbox>
    </object>
    <object>
        <face>face</face>
        <bndbox>
            <xmin>270</xmin>
            <ymin>109</ymin>
            <xmax>418</xmax>
            <ymax>207</ymax>
        </bndbox>
    </object>
</annotation>
