<?xml version="1.0" ?>
<annotation>
    <filename>2002/07/25/big/img_621</filename>
    <object>
        <face>face</face>
        <bndbox>
            <xmin>-13</xmin>
            <ymin>101</ymin>
            <xmax>99</xmax>
            <ymax>180</ymax>
        </bndbox>
    </object>
    <object>
        <face>face</face>
        <bndbox>
            <xmin>53</xmin>
            <ymin>143</ymin>
            <xmax>175</xmax>
            <ymax>221</ymax>
        </bndbox>
    </object>
    <object>
        <face>face</face>
        <bndbox>
            <xmin>108</xmin>
            <ymin>44</ymin>
            <xmax>287</xmax>
            <ymax>168</ymax>
        </bndbox>
    </object>
    <object>
        <face>face</face>
        <bndbox>
            <xmin>267</xmin>
            <ymin>43</ymin>
            <xmax>350</xmax>
            <ymax>101</ymax>
        </bndbox>
    </object>
    <object>
        <face>face</face>
        <bndbox>
            <xmin>320</xmin>
            <ymin>34</ymin>
            <xmax>418</xmax>
            <ymax>106</ymax>
        </bndbox>
    </object>
    <object>
        <face>face</face>
        <bndbox>
            <xmin>374</xmin>
            <ymin>87</ymin>
            <xmax>523</xmax>
            <ymax>177</ymax>
        </bndbox>
    </object>
    <object>
        <face>face</face>
        <bndbox>
            <xmin>240</xmin>
            <ymin>17</ymin>
            <xmax>311</xmax>
            <ymax>67</ymax>
        </bndbox>
    </object>
</annotation>
