<?xml version="1.0" ?>
<annotation>
    <filename>2002/07/29/big/img_504</filename>
    <object>
        <face>face</face>
        <bndbox>
            <xmin>-30</xmin>
            <ymin>7</ymin>
            <xmax>84</xmax>
            <ymax>81</ymax>
        </bndbox>
    </object>
    <object>
        <face>face</face>
        <bndbox>
            <xmin>86</xmin>
            <ymin>51</ymin>
            <xmax>195</xmax>
            <ymax>132</ymax>
        </bndbox>
    </object>
    <object>
        <face>face</face>
        <bndbox>
            <xmin>162</xmin>
            <ymin>58</ymin>
            <xmax>279</xmax>
            <ymax>140</ymax>
        </bndbox>
    </object>
</annotation>
