<?xml version="1.0" ?>
<annotation>
    <filename>2002/08/13/big/img_1161</filename>
    <object>
        <face>face</face>
        <bndbox>
            <xmin>94</xmin>
            <ymin>143</ymin>
            <xmax>183</xmax>
            <ymax>205</ymax>
        </bndbox>
    </object>
    <object>
        <face>face</face>
        <bndbox>
            <xmin>165</xmin>
            <ymin>82</ymin>
            <xmax>272</xmax>
            <ymax>147</ymax>
        </bndbox>
    </object>
    <object>
        <face>face</face>
        <bndbox>
            <xmin>282</xmin>
            <ymin>50</ymin>
            <xmax>388</xmax>
            <ymax>124</ymax>
        </bndbox>
    </object>
    <object>
        <face>face</face>
        <bndbox>
            <xmin>102</xmin>
            <ymin>-29</ymin>
            <xmax>278</xmax>
            <ymax>79</ymax>
        </bndbox>
    </object>
</annotation>
