<?xml version="1.0" ?>
<annotation>
    <filename>2002/08/03/big/img_314</filename>
    <object>
        <face>face</face>
        <bndbox>
            <xmin>81</xmin>
            <ymin>36</ymin>
            <xmax>181</xmax>
            <ymax>98</ymax>
        </bndbox>
    </object>
    <object>
        <face>face</face>
        <bndbox>
            <xmin>210</xmin>
            <ymin>136</ymin>
            <xmax>301</xmax>
            <ymax>196</ymax>
        </bndbox>
    </object>
</annotation>
