<?xml version="1.0" ?>
<annotation>
    <filename>2002/08/26/big/img_351</filename>
    <object>
        <face>face</face>
        <bndbox>
            <xmin>14</xmin>
            <ymin>60</ymin>
            <xmax>165</xmax>
            <ymax>157</ymax>
        </bndbox>
    </object>
    <object>
        <face>face</face>
        <bndbox>
            <xmin>231</xmin>
            <ymin>56</ymin>
            <xmax>319</xmax>
            <ymax>112</ymax>
        </bndbox>
    </object>
    <object>
        <face>face</face>
        <bndbox>
            <xmin>245</xmin>
            <ymin>65</ymin>
            <xmax>455</xmax>
            <ymax>192</ymax>
        </bndbox>
    </object>
</annotation>
