<?xml version="1.0" ?>
<annotation>
    <filename>2002/08/13/big/img_380</filename>
    <object>
        <face>face</face>
        <bndbox>
            <xmin>87</xmin>
            <ymin>45</ymin>
            <xmax>246</xmax>
            <ymax>155</ymax>
        </bndbox>
    </object>
    <object>
        <face>face</face>
        <bndbox>
            <xmin>188</xmin>
            <ymin>58</ymin>
            <xmax>353</xmax>
            <ymax>155</ymax>
        </bndbox>
    </object>
</annotation>
