<?xml version="1.0" ?>
<annotation>
    <filename>2002/07/31/big/img_922</filename>
    <object>
        <face>face</face>
        <bndbox>
            <xmin>145</xmin>
            <ymin>48</ymin>
            <xmax>242</xmax>
            <ymax>116</ymax>
        </bndbox>
    </object>
    <object>
        <face>face</face>
        <bndbox>
            <xmin>210</xmin>
            <ymin>124</ymin>
            <xmax>268</xmax>
            <ymax>163</ymax>
        </bndbox>
    </object>
    <object>
        <face>face</face>
        <bndbox>
            <xmin>248</xmin>
            <ymin>139</ymin>
            <xmax>280</xmax>
            <ymax>159</ymax>
        </bndbox>
    </object>
    <object>
        <face>face</face>
        <bndbox>
            <xmin>292</xmin>
            <ymin>115</ymin>
            <xmax>385</xmax>
            <ymax>182</ymax>
        </bndbox>
    </object>
    <object>
        <face>face</face>
        <bndbox>
            <xmin>334</xmin>
            <ymin>82</ymin>
            <xmax>408</xmax>
            <ymax>134</ymax>
        </bndbox>
    </object>
    <object>
        <face>face</face>
        <bndbox>
            <xmin>403</xmin>
            <ymin>83</ymin>
            <xmax>494</xmax>
            <ymax>146</ymax>
        </bndbox>
    </object>
    <object>
        <face>face</face>
        <bndbox>
            <xmin>427</xmin>
            <ymin>46</ymin>
            <xmax>459</xmax>
            <ymax>68</ymax>
        </bndbox>
    </object>
</annotation>
