<?xml version="1.0" ?>
<annotation>
    <filename>2002/07/31/big/img_286</filename>
    <object>
        <face>face</face>
        <bndbox>
            <xmin>69</xmin>
            <ymin>58</ymin>
            <xmax>189</xmax>
            <ymax>130</ymax>
        </bndbox>
    </object>
    <object>
        <face>face</face>
        <bndbox>
            <xmin>158</xmin>
            <ymin>102</ymin>
            <xmax>272</xmax>
            <ymax>173</ymax>
        </bndbox>
    </object>
</annotation>
