<?xml version="1.0" ?>
<annotation>
    <filename>2002/08/30/big/img_18175</filename>
    <object>
        <face>face</face>
        <bndbox>
            <xmin>42</xmin>
            <ymin>117</ymin>
            <xmax>144</xmax>
            <ymax>198</ymax>
        </bndbox>
    </object>
    <object>
        <face>face</face>
        <bndbox>
            <xmin>158</xmin>
            <ymin>29</ymin>
            <xmax>285</xmax>
            <ymax>120</ymax>
        </bndbox>
    </object>
    <object>
        <face>face</face>
        <bndbox>
            <xmin>272</xmin>
            <ymin>78</ymin>
            <xmax>352</xmax>
            <ymax>136</ymax>
        </bndbox>
    </object>
</annotation>
