<?xml version="1.0" ?>
<annotation>
    <filename>2002/08/28/big/img_19464</filename>
    <object>
        <face>face</face>
        <bndbox>
            <xmin>53</xmin>
            <ymin>28</ymin>
            <xmax>151</xmax>
            <ymax>96</ymax>
        </bndbox>
    </object>
    <object>
        <face>face</face>
        <bndbox>
            <xmin>206</xmin>
            <ymin>86</ymin>
            <xmax>300</xmax>
            <ymax>151</ymax>
        </bndbox>
    </object>
    <object>
        <face>face</face>
        <bndbox>
            <xmin>359</xmin>
            <ymin>85</ymin>
            <xmax>451</xmax>
            <ymax>145</ymax>
        </bndbox>
    </object>
</annotation>
