<?xml version="1.0" ?>
<annotation>
    <filename>2002/08/30/big/img_18529</filename>
    <object>
        <face>face</face>
        <bndbox>
            <xmin>34</xmin>
            <ymin>60</ymin>
            <xmax>120</xmax>
            <ymax>124</ymax>
        </bndbox>
    </object>
    <object>
        <face>face</face>
        <bndbox>
            <xmin>142</xmin>
            <ymin>55</ymin>
            <xmax>241</xmax>
            <ymax>122</ymax>
        </bndbox>
    </object>
</annotation>
