<?xml version="1.0" ?>
<annotation>
    <filename>2002/07/25/big/img_326</filename>
    <object>
        <face>face</face>
        <bndbox>
            <xmin>57</xmin>
            <ymin>76</ymin>
            <xmax>173</xmax>
            <ymax>145</ymax>
        </bndbox>
    </object>
    <object>
        <face>face</face>
        <bndbox>
            <xmin>273</xmin>
            <ymin>297</ymin>
            <xmax>355</xmax>
            <ymax>351</ymax>
        </bndbox>
    </object>
</annotation>
