<?xml version="1.0" ?>
<annotation>
    <filename>2002/07/31/big/img_366</filename>
    <object>
        <face>face</face>
        <bndbox>
            <xmin>2</xmin>
            <ymin>51</ymin>
            <xmax>203</xmax>
            <ymax>178</ymax>
        </bndbox>
    </object>
    <object>
        <face>face</face>
        <bndbox>
            <xmin>122</xmin>
            <ymin>139</ymin>
            <xmax>221</xmax>
            <ymax>203</ymax>
        </bndbox>
    </object>
    <object>
        <face>face</face>
        <bndbox>
            <xmin>170</xmin>
            <ymin>109</ymin>
            <xmax>322</xmax>
            <ymax>215</ymax>
        </bndbox>
    </object>
    <object>
        <face>face</face>
        <bndbox>
            <xmin>258</xmin>
            <ymin>149</ymin>
            <xmax>357</xmax>
            <ymax>212</ymax>
        </bndbox>
    </object>
</annotation>
