<?xml version="1.0" ?>
<annotation>
    <filename>2002/07/27/big/img_953</filename>
    <object>
        <face>face</face>
        <bndbox>
            <xmin>78</xmin>
            <ymin>16</ymin>
            <xmax>168</xmax>
            <ymax>84</ymax>
        </bndbox>
    </object>
    <object>
        <face>face</face>
        <bndbox>
            <xmin>271</xmin>
            <ymin>26</ymin>
            <xmax>359</xmax>
            <ymax>90</ymax>
        </bndbox>
    </object>
</annotation>
