<?xml version="1.0" ?>
<annotation>
    <filename>2002/07/29/big/img_553</filename>
    <object>
        <face>face</face>
        <bndbox>
            <xmin>53</xmin>
            <ymin>32</ymin>
            <xmax>157</xmax>
            <ymax>94</ymax>
        </bndbox>
    </object>
    <object>
        <face>face</face>
        <bndbox>
            <xmin>186</xmin>
            <ymin>61</ymin>
            <xmax>279</xmax>
            <ymax>126</ymax>
        </bndbox>
    </object>
    <object>
        <face>face</face>
        <bndbox>
            <xmin>310</xmin>
            <ymin>27</ymin>
            <xmax>411</xmax>
            <ymax>94</ymax>
        </bndbox>
    </object>
</annotation>
