<?xml version="1.0" ?>
<annotation>
    <filename>2002/08/22/big/img_106</filename>
    <object>
        <face>face</face>
        <bndbox>
            <xmin>100</xmin>
            <ymin>97</ymin>
            <xmax>217</xmax>
            <ymax>175</ymax>
        </bndbox>
    </object>
    <object>
        <face>face</face>
        <bndbox>
            <xmin>238</xmin>
            <ymin>112</ymin>
            <xmax>359</xmax>
            <ymax>207</ymax>
        </bndbox>
    </object>
</annotation>
