<?xml version="1.0" ?>
<annotation>
    <filename>2002/08/31/big/img_17623</filename>
    <object>
        <face>face</face>
        <bndbox>
            <xmin>138</xmin>
            <ymin>45</ymin>
            <xmax>285</xmax>
            <ymax>149</ymax>
        </bndbox>
    </object>
    <object>
        <face>face</face>
        <bndbox>
            <xmin>14</xmin>
            <ymin>61</ymin>
            <xmax>68</xmax>
            <ymax>101</ymax>
        </bndbox>
    </object>
    <object>
        <face>face</face>
        <bndbox>
            <xmin>52</xmin>
            <ymin>24</ymin>
            <xmax>99</xmax>
            <ymax>56</ymax>
        </bndbox>
    </object>
</annotation>
