<?xml version="1.0" ?>
<annotation>
    <filename>2002/08/11/big/img_676</filename>
    <object>
        <face>face</face>
        <bndbox>
            <xmin>7</xmin>
            <ymin>47</ymin>
            <xmax>165</xmax>
            <ymax>154</ymax>
        </bndbox>
    </object>
    <object>
        <face>face</face>
        <bndbox>
            <xmin>235</xmin>
            <ymin>90</ymin>
            <xmax>431</xmax>
            <ymax>221</ymax>
        </bndbox>
    </object>
</annotation>
