<?xml version="1.0" ?>
<annotation>
    <filename>2002/07/29/big/img_603</filename>
    <object>
        <face>face</face>
        <bndbox>
            <xmin>112</xmin>
            <ymin>34</ymin>
            <xmax>212</xmax>
            <ymax>93</ymax>
        </bndbox>
    </object>
    <object>
        <face>face</face>
        <bndbox>
            <xmin>189</xmin>
            <ymin>105</ymin>
            <xmax>270</xmax>
            <ymax>158</ymax>
        </bndbox>
    </object>
    <object>
        <face>face</face>
        <bndbox>
            <xmin>387</xmin>
            <ymin>53</ymin>
            <xmax>450</xmax>
            <ymax>98</ymax>
        </bndbox>
    </object>
</annotation>
