<?xml version="1.0" ?>
<annotation>
    <filename>2002/08/24/big/img_386</filename>
    <object>
        <face>face</face>
        <bndbox>
            <xmin>-10</xmin>
            <ymin>49</ymin>
            <xmax>254</xmax>
            <ymax>228</ymax>
        </bndbox>
    </object>
    <object>
        <face>face</face>
        <bndbox>
            <xmin>190</xmin>
            <ymin>-56</ymin>
            <xmax>489</xmax>
            <ymax>151</ymax>
        </bndbox>
    </object>
</annotation>
