<?xml version="1.0" ?>
<annotation>
    <filename>2002/07/24/big/img_613</filename>
    <object>
        <face>face</face>
        <bndbox>
            <xmin>72</xmin>
            <ymin>49</ymin>
            <xmax>214</xmax>
            <ymax>139</ymax>
        </bndbox>
    </object>
    <object>
        <face>face</face>
        <bndbox>
            <xmin>-9</xmin>
            <ymin>141</ymin>
            <xmax>56</xmax>
            <ymax>185</ymax>
        </bndbox>
    </object>
    <object>
        <face>face</face>
        <bndbox>
            <xmin>231</xmin>
            <ymin>134</ymin>
            <xmax>278</xmax>
            <ymax>169</ymax>
        </bndbox>
    </object>
</annotation>
