<?xml version="1.0" ?>
<annotation>
    <filename>2002/08/15/big/img_1034</filename>
    <object>
        <face>face</face>
        <bndbox>
            <xmin>-3</xmin>
            <ymin>91</ymin>
            <xmax>152</xmax>
            <ymax>188</ymax>
        </bndbox>
    </object>
    <object>
        <face>face</face>
        <bndbox>
            <xmin>237</xmin>
            <ymin>18</ymin>
            <xmax>371</xmax>
            <ymax>109</ymax>
        </bndbox>
    </object>
    <object>
        <face>face</face>
        <bndbox>
            <xmin>229</xmin>
            <ymin>239</ymin>
            <xmax>431</xmax>
            <ymax>378</ymax>
        </bndbox>
    </object>
</annotation>
