<?xml version="1.0" ?>
<annotation>
    <filename>2002/07/31/big/img_416</filename>
    <object>
        <face>face</face>
        <bndbox>
            <xmin>112</xmin>
            <ymin>126</ymin>
            <xmax>206</xmax>
            <ymax>189</ymax>
        </bndbox>
    </object>
    <object>
        <face>face</face>
        <bndbox>
            <xmin>223</xmin>
            <ymin>91</ymin>
            <xmax>322</xmax>
            <ymax>152</ymax>
        </bndbox>
    </object>
</annotation>
