<?xml version="1.0" ?>
<annotation>
    <filename>2002/07/20/big/img_443</filename>
    <object>
        <face>face</face>
        <bndbox>
            <xmin>71</xmin>
            <ymin>242</ymin>
            <xmax>171</xmax>
            <ymax>309</ymax>
        </bndbox>
    </object>
    <object>
        <face>face</face>
        <bndbox>
            <xmin>15</xmin>
            <ymin>27</ymin>
            <xmax>305</xmax>
            <ymax>235</ymax>
        </bndbox>
    </object>
    <object>
        <face>face</face>
        <bndbox>
            <xmin>257</xmin>
            <ymin>364</ymin>
            <xmax>323</xmax>
            <ymax>394</ymax>
        </bndbox>
    </object>
</annotation>
