<?xml version="1.0" ?>
<annotation>
    <filename>2002/08/20/big/img_150</filename>
    <object>
        <face>face</face>
        <bndbox>
            <xmin>16</xmin>
            <ymin>34</ymin>
            <xmax>145</xmax>
            <ymax>113</ymax>
        </bndbox>
    </object>
    <object>
        <face>face</face>
        <bndbox>
            <xmin>63</xmin>
            <ymin>75</ymin>
            <xmax>211</xmax>
            <ymax>164</ymax>
        </bndbox>
    </object>
</annotation>
