<?xml version="1.0" ?>
<annotation>
    <filename>2002/08/02/big/img_148</filename>
    <object>
        <face>face</face>
        <bndbox>
            <xmin>13</xmin>
            <ymin>38</ymin>
            <xmax>129</xmax>
            <ymax>109</ymax>
        </bndbox>
    </object>
    <object>
        <face>face</face>
        <bndbox>
            <xmin>204</xmin>
            <ymin>55</ymin>
            <xmax>346</xmax>
            <ymax>149</ymax>
        </bndbox>
    </object>
</annotation>
