<?xml version="1.0" ?>
<annotation>
    <filename>2002/07/22/big/img_905</filename>
    <object>
        <face>face</face>
        <bndbox>
            <xmin>116</xmin>
            <ymin>48</ymin>
            <xmax>225</xmax>
            <ymax>114</ymax>
        </bndbox>
    </object>
    <object>
        <face>face</face>
        <bndbox>
            <xmin>195</xmin>
            <ymin>79</ymin>
            <xmax>242</xmax>
            <ymax>114</ymax>
        </bndbox>
    </object>
    <object>
        <face>face</face>
        <bndbox>
            <xmin>274</xmin>
            <ymin>60</ymin>
            <xmax>366</xmax>
            <ymax>121</ymax>
        </bndbox>
    </object>
    <object>
        <face>face</face>
        <bndbox>
            <xmin>405</xmin>
            <ymin>48</ymin>
            <xmax>457</xmax>
            <ymax>83</ymax>
        </bndbox>
    </object>
</annotation>
