<?xml version="1.0" ?>
<annotation>
    <filename>2002/07/26/big/img_891</filename>
    <object>
        <face>face</face>
        <bndbox>
            <xmin>157</xmin>
            <ymin>191</ymin>
            <xmax>251</xmax>
            <ymax>255</ymax>
        </bndbox>
    </object>
    <object>
        <face>face</face>
        <bndbox>
            <xmin>45</xmin>
            <ymin>226</ymin>
            <xmax>138</xmax>
            <ymax>293</ymax>
        </bndbox>
    </object>
</annotation>
