<?xml version="1.0" ?>
<annotation>
    <filename>2002/08/26/big/img_670</filename>
    <object>
        <face>face</face>
        <bndbox>
            <xmin>22</xmin>
            <ymin>74</ymin>
            <xmax>156</xmax>
            <ymax>155</ymax>
        </bndbox>
    </object>
    <object>
        <face>face</face>
        <bndbox>
            <xmin>149</xmin>
            <ymin>37</ymin>
            <xmax>276</xmax>
            <ymax>122</ymax>
        </bndbox>
    </object>
    <object>
        <face>face</face>
        <bndbox>
            <xmin>314</xmin>
            <ymin>92</ymin>
            <xmax>439</xmax>
            <ymax>168</ymax>
        </bndbox>
    </object>
</annotation>
