<?xml version="1.0" ?>
<annotation>
    <filename>2002/08/11/big/img_478</filename>
    <object>
        <face>face</face>
        <bndbox>
            <xmin>79</xmin>
            <ymin>21</ymin>
            <xmax>231</xmax>
            <ymax>127</ymax>
        </bndbox>
    </object>
    <object>
        <face>face</face>
        <bndbox>
            <xmin>233</xmin>
            <ymin>63</ymin>
            <xmax>366</xmax>
            <ymax>163</ymax>
        </bndbox>
    </object>
</annotation>
