<?xml version="1.0" ?>
<annotation>
    <filename>2002/07/28/big/img_313</filename>
    <object>
        <face>face</face>
        <bndbox>
            <xmin>45</xmin>
            <ymin>81</ymin>
            <xmax>282</xmax>
            <ymax>245</ymax>
        </bndbox>
    </object>
    <object>
        <face>face</face>
        <bndbox>
            <xmin>253</xmin>
            <ymin>58</ymin>
            <xmax>429</xmax>
            <ymax>179</ymax>
        </bndbox>
    </object>
    <object>
        <face>face</face>
        <bndbox>
            <xmin>391</xmin>
            <ymin>140</ymin>
            <xmax>475</xmax>
            <ymax>200</ymax>
        </bndbox>
    </object>
</annotation>
