<?xml version="1.0" ?>
<annotation>
    <filename>2002/08/18/big/img_698</filename>
    <object>
        <face>face</face>
        <bndbox>
            <xmin>27</xmin>
            <ymin>63</ymin>
            <xmax>166</xmax>
            <ymax>141</ymax>
        </bndbox>
    </object>
    <object>
        <face>face</face>
        <bndbox>
            <xmin>149</xmin>
            <ymin>96</ymin>
            <xmax>262</xmax>
            <ymax>172</ymax>
        </bndbox>
    </object>
    <object>
        <face>face</face>
        <bndbox>
            <xmin>272</xmin>
            <ymin>30</ymin>
            <xmax>393</xmax>
            <ymax>99</ymax>
        </bndbox>
    </object>
</annotation>
