<?xml version="1.0" ?>
<annotation>
    <filename>2002/07/25/big/img_1047</filename>
    <object>
        <face>face</face>
        <bndbox>
            <xmin>-90</xmin>
            <ymin>-76</ymin>
            <xmax>280</xmax>
            <ymax>166</ymax>
        </bndbox>
    </object>
    <object>
        <face>face</face>
        <bndbox>
            <xmin>121</xmin>
            <ymin>70</ymin>
            <xmax>451</xmax>
            <ymax>267</ymax>
        </bndbox>
    </object>
</annotation>
