<?xml version="1.0" ?>
<annotation>
    <filename>2002/09/02/big/img_15580</filename>
    <object>
        <face>face</face>
        <bndbox>
            <xmin>23</xmin>
            <ymin>17</ymin>
            <xmax>160</xmax>
            <ymax>108</ymax>
        </bndbox>
    </object>
    <object>
        <face>face</face>
        <bndbox>
            <xmin>179</xmin>
            <ymin>74</ymin>
            <xmax>339</xmax>
            <ymax>177</ymax>
        </bndbox>
    </object>
</annotation>
