<?xml version="1.0" ?>
<annotation>
    <filename>2002/08/06/big/img_3002</filename>
    <object>
        <face>face</face>
        <bndbox>
            <xmin>143</xmin>
            <ymin>48</ymin>
            <xmax>299</xmax>
            <ymax>137</ymax>
        </bndbox>
    </object>
    <object>
        <face>face</face>
        <bndbox>
            <xmin>233</xmin>
            <ymin>92</ymin>
            <xmax>376</xmax>
            <ymax>188</ymax>
        </bndbox>
    </object>
</annotation>
