<?xml version="1.0" ?>
<annotation>
    <filename>2002/08/21/big/img_399</filename>
    <object>
        <face>face</face>
        <bndbox>
            <xmin>70</xmin>
            <ymin>41</ymin>
            <xmax>158</xmax>
            <ymax>102</ymax>
        </bndbox>
    </object>
    <object>
        <face>face</face>
        <bndbox>
            <xmin>188</xmin>
            <ymin>88</ymin>
            <xmax>283</xmax>
            <ymax>151</ymax>
        </bndbox>
    </object>
</annotation>
