<?xml version="1.0" ?>
<annotation>
    <filename>2002/07/24/big/img_762</filename>
    <object>
        <face>face</face>
        <bndbox>
            <xmin>53</xmin>
            <ymin>61</ymin>
            <xmax>245</xmax>
            <ymax>196</ymax>
        </bndbox>
    </object>
    <object>
        <face>face</face>
        <bndbox>
            <xmin>219</xmin>
            <ymin>170</ymin>
            <xmax>348</xmax>
            <ymax>252</ymax>
        </bndbox>
    </object>
</annotation>
