<?xml version="1.0" ?>
<annotation>
    <filename>2002/08/12/big/img_473</filename>
    <object>
        <face>face</face>
        <bndbox>
            <xmin>8</xmin>
            <ymin>83</ymin>
            <xmax>122</xmax>
            <ymax>163</ymax>
        </bndbox>
    </object>
    <object>
        <face>face</face>
        <bndbox>
            <xmin>158</xmin>
            <ymin>31</ymin>
            <xmax>317</xmax>
            <ymax>146</ymax>
        </bndbox>
    </object>
    <object>
        <face>face</face>
        <bndbox>
            <xmin>331</xmin>
            <ymin>101</ymin>
            <xmax>444</xmax>
            <ymax>180</ymax>
        </bndbox>
    </object>
</annotation>
