<?xml version="1.0" ?>
<annotation>
    <filename>2002/08/28/big/img_19480</filename>
    <object>
        <face>face</face>
        <bndbox>
            <xmin>27</xmin>
            <ymin>40</ymin>
            <xmax>171</xmax>
            <ymax>133</ymax>
        </bndbox>
    </object>
    <object>
        <face>face</face>
        <bndbox>
            <xmin>238</xmin>
            <ymin>55</ymin>
            <xmax>380</xmax>
            <ymax>146</ymax>
        </bndbox>
    </object>
</annotation>
