<?xml version="1.0" ?>
<annotation>
    <filename>2002/08/03/big/img_144</filename>
    <object>
        <face>face</face>
        <bndbox>
            <xmin>13</xmin>
            <ymin>100</ymin>
            <xmax>76</xmax>
            <ymax>144</ymax>
        </bndbox>
    </object>
    <object>
        <face>face</face>
        <bndbox>
            <xmin>65</xmin>
            <ymin>45</ymin>
            <xmax>209</xmax>
            <ymax>133</ymax>
        </bndbox>
    </object>
</annotation>
