<?xml version="1.0" ?>
<annotation>
    <filename>2002/08/16/big/img_728</filename>
    <object>
        <face>face</face>
        <bndbox>
            <xmin>44</xmin>
            <ymin>45</ymin>
            <xmax>140</xmax>
            <ymax>110</ymax>
        </bndbox>
    </object>
    <object>
        <face>face</face>
        <bndbox>
            <xmin>256</xmin>
            <ymin>34</ymin>
            <xmax>366</xmax>
            <ymax>104</ymax>
        </bndbox>
    </object>
</annotation>
