<?xml version="1.0" ?>
<annotation>
    <filename>2002/08/25/big/img_658</filename>
    <object>
        <face>face</face>
        <bndbox>
            <xmin>26</xmin>
            <ymin>52</ymin>
            <xmax>136</xmax>
            <ymax>123</ymax>
        </bndbox>
    </object>
    <object>
        <face>face</face>
        <bndbox>
            <xmin>181</xmin>
            <ymin>62</ymin>
            <xmax>291</xmax>
            <ymax>136</ymax>
        </bndbox>
    </object>
    <object>
        <face>face</face>
        <bndbox>
            <xmin>329</xmin>
            <ymin>46</ymin>
            <xmax>436</xmax>
            <ymax>116</ymax>
        </bndbox>
    </object>
</annotation>
