<?xml version="1.0" ?>
<annotation>
    <filename>2002/07/25/big/img_158</filename>
    <object>
        <face>face</face>
        <bndbox>
            <xmin>-22</xmin>
            <ymin>12</ymin>
            <xmax>111</xmax>
            <ymax>113</ymax>
        </bndbox>
    </object>
    <object>
        <face>face</face>
        <bndbox>
            <xmin>-4</xmin>
            <ymin>206</ymin>
            <xmax>149</xmax>
            <ymax>305</ymax>
        </bndbox>
    </object>
    <object>
        <face>face</face>
        <bndbox>
            <xmin>-7</xmin>
            <ymin>326</ymin>
            <xmax>139</xmax>
            <ymax>421</ymax>
        </bndbox>
    </object>
    <object>
        <face>face</face>
        <bndbox>
            <xmin>148</xmin>
            <ymin>54</ymin>
            <xmax>312</xmax>
            <ymax>159</ymax>
        </bndbox>
    </object>
</annotation>
