<?xml version="1.0" ?>
<annotation>
    <filename>2002/07/19/big/img_843</filename>
    <object>
        <face>face</face>
        <bndbox>
            <xmin>37</xmin>
            <ymin>65</ymin>
            <xmax>182</xmax>
            <ymax>166</ymax>
        </bndbox>
    </object>
    <object>
        <face>face</face>
        <bndbox>
            <xmin>212</xmin>
            <ymin>27</ymin>
            <xmax>299</xmax>
            <ymax>90</ymax>
        </bndbox>
    </object>
    <object>
        <face>face</face>
        <bndbox>
            <xmin>309</xmin>
            <ymin>54</ymin>
            <xmax>451</xmax>
            <ymax>162</ymax>
        </bndbox>
    </object>
</annotation>
