<?xml version="1.0" ?>
<annotation>
    <filename>2002/07/22/big/img_554</filename>
    <object>
        <face>face</face>
        <bndbox>
            <xmin>12</xmin>
            <ymin>18</ymin>
            <xmax>97</xmax>
            <ymax>75</ymax>
        </bndbox>
    </object>
    <object>
        <face>face</face>
        <bndbox>
            <xmin>168</xmin>
            <ymin>35</ymin>
            <xmax>260</xmax>
            <ymax>100</ymax>
        </bndbox>
    </object>
    <object>
        <face>face</face>
        <bndbox>
            <xmin>325</xmin>
            <ymin>23</ymin>
            <xmax>418</xmax>
            <ymax>88</ymax>
        </bndbox>
    </object>
    <object>
        <face>face</face>
        <bndbox>
            <xmin>380</xmin>
            <ymin>173</ymin>
            <xmax>467</xmax>
            <ymax>229</ymax>
        </bndbox>
    </object>
    <object>
        <face>face</face>
        <bndbox>
            <xmin>289</xmin>
            <ymin>38</ymin>
            <xmax>368</xmax>
            <ymax>97</ymax>
        </bndbox>
    </object>
    <object>
        <face>face</face>
        <bndbox>
            <xmin>242</xmin>
            <ymin>4</ymin>
            <xmax>314</xmax>
            <ymax>53</ymax>
        </bndbox>
    </object>
    <object>
        <face>face</face>
        <bndbox>
            <xmin>381</xmin>
            <ymin>7</ymin>
            <xmax>441</xmax>
            <ymax>49</ymax>
        </bndbox>
    </object>
</annotation>
