<?xml version="1.0" ?>
<annotation>
    <filename>2002/08/29/big/img_19034</filename>
    <object>
        <face>face</face>
        <bndbox>
            <xmin>40</xmin>
            <ymin>37</ymin>
            <xmax>138</xmax>
            <ymax>100</ymax>
        </bndbox>
    </object>
    <object>
        <face>face</face>
        <bndbox>
            <xmin>189</xmin>
            <ymin>82</ymin>
            <xmax>289</xmax>
            <ymax>151</ymax>
        </bndbox>
    </object>
    <object>
        <face>face</face>
        <bndbox>
            <xmin>317</xmin>
            <ymin>75</ymin>
            <xmax>413</xmax>
            <ymax>143</ymax>
        </bndbox>
    </object>
</annotation>
