<?xml version="1.0" ?>
<annotation>
    <filename>2002/07/30/big/img_342</filename>
    <object>
        <face>face</face>
        <bndbox>
            <xmin>12</xmin>
            <ymin>103</ymin>
            <xmax>342</xmax>
            <ymax>311</ymax>
        </bndbox>
    </object>
    <object>
        <face>face</face>
        <bndbox>
            <xmin>182</xmin>
            <ymin>170</ymin>
            <xmax>409</xmax>
            <ymax>318</ymax>
        </bndbox>
    </object>
</annotation>
