<?xml version="1.0" ?>
<annotation>
    <filename>2002/08/13/big/img_478</filename>
    <object>
        <face>face</face>
        <bndbox>
            <xmin>15</xmin>
            <ymin>70</ymin>
            <xmax>37</xmax>
            <ymax>87</ymax>
        </bndbox>
    </object>
    <object>
        <face>face</face>
        <bndbox>
            <xmin>78</xmin>
            <ymin>24</ymin>
            <xmax>181</xmax>
            <ymax>96</ymax>
        </bndbox>
    </object>
    <object>
        <face>face</face>
        <bndbox>
            <xmin>236</xmin>
            <ymin>56</ymin>
            <xmax>268</xmax>
            <ymax>76</ymax>
        </bndbox>
    </object>
</annotation>
