<?xml version="1.0" ?>
<annotation>
    <filename>2002/08/28/big/img_19448</filename>
    <object>
        <face>face</face>
        <bndbox>
            <xmin>34</xmin>
            <ymin>56</ymin>
            <xmax>142</xmax>
            <ymax>120</ymax>
        </bndbox>
    </object>
    <object>
        <face>face</face>
        <bndbox>
            <xmin>180</xmin>
            <ymin>43</ymin>
            <xmax>280</xmax>
            <ymax>110</ymax>
        </bndbox>
    </object>
    <object>
        <face>face</face>
        <bndbox>
            <xmin>356</xmin>
            <ymin>70</ymin>
            <xmax>454</xmax>
            <ymax>126</ymax>
        </bndbox>
    </object>
</annotation>
