<?xml version="1.0" ?>
<annotation>
    <filename>2002/09/02/big/img_15183</filename>
    <object>
        <face>face</face>
        <bndbox>
            <xmin>56</xmin>
            <ymin>74</ymin>
            <xmax>133</xmax>
            <ymax>128</ymax>
        </bndbox>
    </object>
    <object>
        <face>face</face>
        <bndbox>
            <xmin>169</xmin>
            <ymin>51</ymin>
            <xmax>327</xmax>
            <ymax>140</ymax>
        </bndbox>
    </object>
</annotation>
