<?xml version="1.0" ?>
<annotation>
    <filename>2002/08/23/big/img_219</filename>
    <object>
        <face>face</face>
        <bndbox>
            <xmin>266</xmin>
            <ymin>70</ymin>
            <xmax>381</xmax>
            <ymax>153</ymax>
        </bndbox>
    </object>
    <object>
        <face>face</face>
        <bndbox>
            <xmin>326</xmin>
            <ymin>-11</ymin>
            <xmax>439</xmax>
            <ymax>67</ymax>
        </bndbox>
    </object>
    <object>
        <face>face</face>
        <bndbox>
            <xmin>56</xmin>
            <ymin>54</ymin>
            <xmax>221</xmax>
            <ymax>153</ymax>
        </bndbox>
    </object>
    <object>
        <face>face</face>
        <bndbox>
            <xmin>153</xmin>
            <ymin>73</ymin>
            <xmax>227</xmax>
            <ymax>130</ymax>
        </bndbox>
    </object>
    <object>
        <face>face</face>
        <bndbox>
            <xmin>200</xmin>
            <ymin>102</ymin>
            <xmax>253</xmax>
            <ymax>144</ymax>
        </bndbox>
    </object>
    <object>
        <face>face</face>
        <bndbox>
            <xmin>231</xmin>
            <ymin>81</ymin>
            <xmax>308</xmax>
            <ymax>131</ymax>
        </bndbox>
    </object>
</annotation>
