<?xml version="1.0" ?>
<annotation>
    <filename>2002/08/18/big/img_178</filename>
    <object>
        <face>face</face>
        <bndbox>
            <xmin>76</xmin>
            <ymin>116</ymin>
            <xmax>158</xmax>
            <ymax>179</ymax>
        </bndbox>
    </object>
    <object>
        <face>face</face>
        <bndbox>
            <xmin>124</xmin>
            <ymin>40</ymin>
            <xmax>232</xmax>
            <ymax>101</ymax>
        </bndbox>
    </object>
</annotation>
