<?xml version="1.0" ?>
<annotation>
    <filename>2002/07/27/big/img_430</filename>
    <object>
        <face>face</face>
        <bndbox>
            <xmin>-5</xmin>
            <ymin>-12</ymin>
            <xmax>126</xmax>
            <ymax>88</ymax>
        </bndbox>
    </object>
    <object>
        <face>face</face>
        <bndbox>
            <xmin>348</xmin>
            <ymin>94</ymin>
            <xmax>421</xmax>
            <ymax>146</ymax>
        </bndbox>
    </object>
</annotation>
