<?xml version="1.0" ?>
<annotation>
    <filename>2002/08/18/big/img_473</filename>
    <object>
        <face>face</face>
        <bndbox>
            <xmin>-8</xmin>
            <ymin>77</ymin>
            <xmax>98</xmax>
            <ymax>147</ymax>
        </bndbox>
    </object>
    <object>
        <face>face</face>
        <bndbox>
            <xmin>139</xmin>
            <ymin>54</ymin>
            <xmax>278</xmax>
            <ymax>150</ymax>
        </bndbox>
    </object>
    <object>
        <face>face</face>
        <bndbox>
            <xmin>316</xmin>
            <ymin>84</ymin>
            <xmax>431</xmax>
            <ymax>157</ymax>
        </bndbox>
    </object>
    <object>
        <face>face</face>
        <bndbox>
            <xmin>-38</xmin>
            <ymin>18</ymin>
            <xmax>51</xmax>
            <ymax>69</ymax>
        </bndbox>
    </object>
    <object>
        <face>face</face>
        <bndbox>
            <xmin>192</xmin>
            <ymin>73</ymin>
            <xmax>301</xmax>
            <ymax>139</ymax>
        </bndbox>
    </object>
</annotation>
