<?xml version="1.0" ?>
<annotation>
    <filename>2002/07/28/big/img_281</filename>
    <object>
        <face>face</face>
        <bndbox>
            <xmin>58</xmin>
            <ymin>93</ymin>
            <xmax>98</xmax>
            <ymax>123</ymax>
        </bndbox>
    </object>
    <object>
        <face>face</face>
        <bndbox>
            <xmin>81</xmin>
            <ymin>128</ymin>
            <xmax>124</xmax>
            <ymax>162</ymax>
        </bndbox>
    </object>
    <object>
        <face>face</face>
        <bndbox>
            <xmin>119</xmin>
            <ymin>191</ymin>
            <xmax>229</xmax>
            <ymax>268</ymax>
        </bndbox>
    </object>
    <object>
        <face>face</face>
        <bndbox>
            <xmin>94</xmin>
            <ymin>285</ymin>
            <xmax>209</xmax>
            <ymax>362</ymax>
        </bndbox>
    </object>
</annotation>
