<?xml version="1.0" ?>
<annotation>
    <filename>2002/08/01/big/img_1452</filename>
    <object>
        <face>face</face>
        <bndbox>
            <xmin>-19</xmin>
            <ymin>17</ymin>
            <xmax>91</xmax>
            <ymax>91</ymax>
        </bndbox>
    </object>
    <object>
        <face>face</face>
        <bndbox>
            <xmin>100</xmin>
            <ymin>113</ymin>
            <xmax>141</xmax>
            <ymax>146</ymax>
        </bndbox>
    </object>
    <object>
        <face>face</face>
        <bndbox>
            <xmin>234</xmin>
            <ymin>66</ymin>
            <xmax>279</xmax>
            <ymax>97</ymax>
        </bndbox>
    </object>
    <object>
        <face>face</face>
        <bndbox>
            <xmin>266</xmin>
            <ymin>91</ymin>
            <xmax>302</xmax>
            <ymax>115</ymax>
        </bndbox>
    </object>
    <object>
        <face>face</face>
        <bndbox>
            <xmin>293</xmin>
            <ymin>76</ymin>
            <xmax>346</xmax>
            <ymax>116</ymax>
        </bndbox>
    </object>
</annotation>
