<?xml version="1.0" ?>
<annotation>
    <filename>2002/07/26/big/img_634</filename>
    <object>
        <face>face</face>
        <bndbox>
            <xmin>102</xmin>
            <ymin>70</ymin>
            <xmax>218</xmax>
            <ymax>129</ymax>
        </bndbox>
    </object>
    <object>
        <face>face</face>
        <bndbox>
            <xmin>246</xmin>
            <ymin>57</ymin>
            <xmax>362</xmax>
            <ymax>139</ymax>
        </bndbox>
    </object>
</annotation>
