<?xml version="1.0" ?>
<annotation>
    <filename>2002/08/08/big/img_68</filename>
    <object>
        <face>face</face>
        <bndbox>
            <xmin>12</xmin>
            <ymin>39</ymin>
            <xmax>136</xmax>
            <ymax>127</ymax>
        </bndbox>
    </object>
    <object>
        <face>face</face>
        <bndbox>
            <xmin>184</xmin>
            <ymin>80</ymin>
            <xmax>298</xmax>
            <ymax>153</ymax>
        </bndbox>
    </object>
    <object>
        <face>face</face>
        <bndbox>
            <xmin>342</xmin>
            <ymin>102</ymin>
            <xmax>430</xmax>
            <ymax>170</ymax>
        </bndbox>
    </object>
</annotation>
