<?xml version="1.0" ?>
<annotation>
    <filename>2002/07/25/big/img_725</filename>
    <object>
        <face>face</face>
        <bndbox>
            <xmin>4</xmin>
            <ymin>46</ymin>
            <xmax>149</xmax>
            <ymax>137</ymax>
        </bndbox>
    </object>
    <object>
        <face>face</face>
        <bndbox>
            <xmin>159</xmin>
            <ymin>43</ymin>
            <xmax>299</xmax>
            <ymax>126</ymax>
        </bndbox>
    </object>
    <object>
        <face>face</face>
        <bndbox>
            <xmin>300</xmin>
            <ymin>36</ymin>
            <xmax>421</xmax>
            <ymax>121</ymax>
        </bndbox>
    </object>
</annotation>
