<?xml version="1.0" ?>
<annotation>
    <filename>2002/08/02/big/img_265</filename>
    <object>
        <face>face</face>
        <bndbox>
            <xmin>-18</xmin>
            <ymin>-6</ymin>
            <xmax>89</xmax>
            <ymax>61</ymax>
        </bndbox>
    </object>
    <object>
        <face>face</face>
        <bndbox>
            <xmin>123</xmin>
            <ymin>41</ymin>
            <xmax>223</xmax>
            <ymax>106</ymax>
        </bndbox>
    </object>
    <object>
        <face>face</face>
        <bndbox>
            <xmin>223</xmin>
            <ymin>-10</ymin>
            <xmax>321</xmax>
            <ymax>53</ymax>
        </bndbox>
    </object>
</annotation>
