<?xml version="1.0" ?>
<annotation>
    <filename>2002/08/13/big/img_742</filename>
    <object>
        <face>face</face>
        <bndbox>
            <xmin>29</xmin>
            <ymin>72</ymin>
            <xmax>196</xmax>
            <ymax>186</ymax>
        </bndbox>
    </object>
    <object>
        <face>face</face>
        <bndbox>
            <xmin>123</xmin>
            <ymin>60</ymin>
            <xmax>278</xmax>
            <ymax>152</ymax>
        </bndbox>
    </object>
</annotation>
