<?xml version="1.0" ?>
<annotation>
    <filename>2002/08/16/big/img_973</filename>
    <object>
        <face>face</face>
        <bndbox>
            <xmin>-43</xmin>
            <ymin>76</ymin>
            <xmax>218</xmax>
            <ymax>239</ymax>
        </bndbox>
    </object>
    <object>
        <face>face</face>
        <bndbox>
            <xmin>236</xmin>
            <ymin>354</ymin>
            <xmax>303</xmax>
            <ymax>380</ymax>
        </bndbox>
    </object>
</annotation>
