<?xml version="1.0" ?>
<annotation>
    <filename>2002/08/05/big/img_3541</filename>
    <object>
        <face>face</face>
        <bndbox>
            <xmin>81</xmin>
            <ymin>31</ymin>
            <xmax>164</xmax>
            <ymax>91</ymax>
        </bndbox>
    </object>
    <object>
        <face>face</face>
        <bndbox>
            <xmin>208</xmin>
            <ymin>86</ymin>
            <xmax>275</xmax>
            <ymax>137</ymax>
        </bndbox>
    </object>
    <object>
        <face>face</face>
        <bndbox>
            <xmin>294</xmin>
            <ymin>282</ymin>
            <xmax>360</xmax>
            <ymax>340</ymax>
        </bndbox>
    </object>
</annotation>
