<?xml version="1.0" ?>
<annotation>
    <filename>2002/08/13/big/img_1010</filename>
    <object>
        <face>face</face>
        <bndbox>
            <xmin>86</xmin>
            <ymin>43</ymin>
            <xmax>216</xmax>
            <ymax>132</ymax>
        </bndbox>
    </object>
    <object>
        <face>face</face>
        <bndbox>
            <xmin>165</xmin>
            <ymin>58</ymin>
            <xmax>304</xmax>
            <ymax>149</ymax>
        </bndbox>
    </object>
</annotation>
