<?xml version="1.0" ?>
<annotation>
    <filename>2002/07/26/big/img_481</filename>
    <object>
        <face>face</face>
        <bndbox>
            <xmin>-32</xmin>
            <ymin>28</ymin>
            <xmax>49</xmax>
            <ymax>86</ymax>
        </bndbox>
    </object>
    <object>
        <face>face</face>
        <bndbox>
            <xmin>91</xmin>
            <ymin>51</ymin>
            <xmax>222</xmax>
            <ymax>135</ymax>
        </bndbox>
    </object>
</annotation>
