<?xml version="1.0" ?>
<annotation>
    <filename>2002/08/15/big/img_1194</filename>
    <object>
        <face>face</face>
        <bndbox>
            <xmin>129</xmin>
            <ymin>28</ymin>
            <xmax>250</xmax>
            <ymax>110</ymax>
        </bndbox>
    </object>
    <object>
        <face>face</face>
        <bndbox>
            <xmin>72</xmin>
            <ymin>-17</ymin>
            <xmax>153</xmax>
            <ymax>34</ymax>
        </bndbox>
    </object>
</annotation>
