<?xml version="1.0" ?>
<annotation>
    <filename>2002/08/16/big/img_710</filename>
    <object>
        <face>face</face>
        <bndbox>
            <xmin>-1</xmin>
            <ymin>83</ymin>
            <xmax>123</xmax>
            <ymax>176</ymax>
        </bndbox>
    </object>
    <object>
        <face>face</face>
        <bndbox>
            <xmin>177</xmin>
            <ymin>184</ymin>
            <xmax>314</xmax>
            <ymax>270</ymax>
        </bndbox>
    </object>
</annotation>
