<?xml version="1.0" ?>
<annotation>
    <filename>2002/08/29/big/img_18990</filename>
    <object>
        <face>face</face>
        <bndbox>
            <xmin>1</xmin>
            <ymin>210</ymin>
            <xmax>187</xmax>
            <ymax>343</ymax>
        </bndbox>
    </object>
    <object>
        <face>face</face>
        <bndbox>
            <xmin>157</xmin>
            <ymin>51</ymin>
            <xmax>369</xmax>
            <ymax>204</ymax>
        </bndbox>
    </object>
</annotation>
