<?xml version="1.0" ?>
<annotation>
    <filename>2002/07/24/big/img_67</filename>
    <object>
        <face>face</face>
        <bndbox>
            <xmin>151</xmin>
            <ymin>25</ymin>
            <xmax>294</xmax>
            <ymax>118</ymax>
        </bndbox>
    </object>
    <object>
        <face>face</face>
        <bndbox>
            <xmin>26</xmin>
            <ymin>130</ymin>
            <xmax>46</xmax>
            <ymax>140</ymax>
        </bndbox>
    </object>
    <object>
        <face>face</face>
        <bndbox>
            <xmin>44</xmin>
            <ymin>133</ymin>
            <xmax>63</xmax>
            <ymax>145</ymax>
        </bndbox>
    </object>
    <object>
        <face>face</face>
        <bndbox>
            <xmin>64</xmin>
            <ymin>138</ymin>
            <xmax>83</xmax>
            <ymax>151</ymax>
        </bndbox>
    </object>
    <object>
        <face>face</face>
        <bndbox>
            <xmin>82</xmin>
            <ymin>141</ymin>
            <xmax>103</xmax>
            <ymax>154</ymax>
        </bndbox>
    </object>
    <object>
        <face>face</face>
        <bndbox>
            <xmin>-1</xmin>
            <ymin>-1</ymin>
            <xmax>1</xmax>
            <ymax>1</ymax>
        </bndbox>
    </object>
    <object>
        <face>face</face>
        <bndbox>
            <xmin>362</xmin>
            <ymin>254</ymin>
            <xmax>412</xmax>
            <ymax>288</ymax>
        </bndbox>
    </object>
</annotation>
