<?xml version="1.0" ?>
<annotation>
    <filename>2002/09/01/big/img_16378</filename>
    <object>
        <face>face</face>
        <bndbox>
            <xmin>28</xmin>
            <ymin>93</ymin>
            <xmax>174</xmax>
            <ymax>199</ymax>
        </bndbox>
    </object>
    <object>
        <face>face</face>
        <bndbox>
            <xmin>135</xmin>
            <ymin>47</ymin>
            <xmax>297</xmax>
            <ymax>148</ymax>
        </bndbox>
    </object>
    <object>
        <face>face</face>
        <bndbox>
            <xmin>253</xmin>
            <ymin>122</ymin>
            <xmax>417</xmax>
            <ymax>229</ymax>
        </bndbox>
    </object>
</annotation>
