<?xml version="1.0" ?>
<annotation>
    <filename>2002/07/26/big/img_242</filename>
    <object>
        <face>face</face>
        <bndbox>
            <xmin>30</xmin>
            <ymin>71</ymin>
            <xmax>217</xmax>
            <ymax>195</ymax>
        </bndbox>
    </object>
    <object>
        <face>face</face>
        <bndbox>
            <xmin>234</xmin>
            <ymin>34</ymin>
            <xmax>331</xmax>
            <ymax>103</ymax>
        </bndbox>
    </object>
    <object>
        <face>face</face>
        <bndbox>
            <xmin>-55</xmin>
            <ymin>88</ymin>
            <xmax>68</xmax>
            <ymax>173</ymax>
        </bndbox>
    </object>
    <object>
        <face>face</face>
        <bndbox>
            <xmin>-9</xmin>
            <ymin>17</ymin>
            <xmax>48</xmax>
            <ymax>55</ymax>
        </bndbox>
    </object>
</annotation>
