<?xml version="1.0" ?>
<annotation>
    <filename>2002/08/19/big/img_810</filename>
    <object>
        <face>face</face>
        <bndbox>
            <xmin>-30</xmin>
            <ymin>153</ymin>
            <xmax>150</xmax>
            <ymax>263</ymax>
        </bndbox>
    </object>
    <object>
        <face>face</face>
        <bndbox>
            <xmin>107</xmin>
            <ymin>78</ymin>
            <xmax>354</xmax>
            <ymax>211</ymax>
        </bndbox>
    </object>
    <object>
        <face>face</face>
        <bndbox>
            <xmin>270</xmin>
            <ymin>152</ymin>
            <xmax>382</xmax>
            <ymax>223</ymax>
        </bndbox>
    </object>
</annotation>
