<?xml version="1.0" ?>
<annotation>
    <filename>2003/01/14/big/img_801</filename>
    <object>
        <face>face</face>
        <bndbox>
            <xmin>74</xmin>
            <ymin>53</ymin>
            <xmax>179</xmax>
            <ymax>121</ymax>
        </bndbox>
    </object>
    <object>
        <face>face</face>
        <bndbox>
            <xmin>213</xmin>
            <ymin>36</ymin>
            <xmax>319</xmax>
            <ymax>100</ymax>
        </bndbox>
    </object>
</annotation>
