<?xml version="1.0" ?>
<annotation>
    <filename>2003/01/15/big/img_762</filename>
    <object>
        <face>face</face>
        <bndbox>
            <xmin>28</xmin>
            <ymin>215</ymin>
            <xmax>220</xmax>
            <ymax>343</ymax>
        </bndbox>
    </object>
    <object>
        <face>face</face>
        <bndbox>
            <xmin>127</xmin>
            <ymin>199</ymin>
            <xmax>319</xmax>
            <ymax>318</ymax>
        </bndbox>
    </object>
</annotation>
