<?xml version="1.0" ?>
<annotation>
    <filename>2003/01/15/big/img_1183</filename>
    <object>
        <face>face</face>
        <bndbox>
            <xmin>-9</xmin>
            <ymin>89</ymin>
            <xmax>194</xmax>
            <ymax>216</ymax>
        </bndbox>
    </object>
    <object>
        <face>face</face>
        <bndbox>
            <xmin>184</xmin>
            <ymin>66</ymin>
            <xmax>367</xmax>
            <ymax>190</ymax>
        </bndbox>
    </object>
</annotation>
