<?xml version="1.0" ?>
<annotation>
    <filename>2003/01/15/big/img_335</filename>
    <object>
        <face>face</face>
        <bndbox>
            <xmin>139</xmin>
            <ymin>35</ymin>
            <xmax>254</xmax>
            <ymax>110</ymax>
        </bndbox>
    </object>
    <object>
        <face>face</face>
        <bndbox>
            <xmin>75</xmin>
            <ymin>39</ymin>
            <xmax>139</xmax>
            <ymax>76</ymax>
        </bndbox>
    </object>
    <object>
        <face>face</face>
        <bndbox>
            <xmin>280</xmin>
            <ymin>299</ymin>
            <xmax>364</xmax>
            <ymax>359</ymax>
        </bndbox>
    </object>
    <object>
        <face>face</face>
        <bndbox>
            <xmin>270</xmin>
            <ymin>254</ymin>
            <xmax>341</xmax>
            <ymax>302</ymax>
        </bndbox>
    </object>
    <object>
        <face>face</face>
        <bndbox>
            <xmin>-28</xmin>
            <ymin>316</ymin>
            <xmax>55</xmax>
            <ymax>369</ymax>
        </bndbox>
    </object>
</annotation>
