<?xml version="1.0" ?>
<annotation>
    <filename>2003/01/14/big/img_660</filename>
    <object>
        <face>face</face>
        <bndbox>
            <xmin>33</xmin>
            <ymin>60</ymin>
            <xmax>161</xmax>
            <ymax>145</ymax>
        </bndbox>
    </object>
    <object>
        <face>face</face>
        <bndbox>
            <xmin>1</xmin>
            <ymin>49</ymin>
            <xmax>102</xmax>
            <ymax>112</ymax>
        </bndbox>
    </object>
    <object>
        <face>face</face>
        <bndbox>
            <xmin>163</xmin>
            <ymin>33</ymin>
            <xmax>197</xmax>
            <ymax>56</ymax>
        </bndbox>
    </object>
    <object>
        <face>face</face>
        <bndbox>
            <xmin>232</xmin>
            <ymin>100</ymin>
            <xmax>344</xmax>
            <ymax>177</ymax>
        </bndbox>
    </object>
    <object>
        <face>face</face>
        <bndbox>
            <xmin>356</xmin>
            <ymin>67</ymin>
            <xmax>425</xmax>
            <ymax>120</ymax>
        </bndbox>
    </object>
</annotation>
