<?xml version="1.0" ?>
<annotation>
    <filename>2003/01/16/big/img_696</filename>
    <object>
        <face>face</face>
        <bndbox>
            <xmin>26</xmin>
            <ymin>30</ymin>
            <xmax>129</xmax>
            <ymax>95</ymax>
        </bndbox>
    </object>
    <object>
        <face>face</face>
        <bndbox>
            <xmin>98</xmin>
            <ymin>62</ymin>
            <xmax>227</xmax>
            <ymax>149</ymax>
        </bndbox>
    </object>
    <object>
        <face>face</face>
        <bndbox>
            <xmin>235</xmin>
            <ymin>221</ymin>
            <xmax>272</xmax>
            <ymax>244</ymax>
        </bndbox>
    </object>
    <object>
        <face>face</face>
        <bndbox>
            <xmin>274</xmin>
            <ymin>185</ymin>
            <xmax>322</xmax>
            <ymax>207</ymax>
        </bndbox>
    </object>
</annotation>
