<?xml version="1.0" ?>
<annotation>
    <filename>2003/01/17/big/img_612</filename>
    <object>
        <face>face</face>
        <bndbox>
            <xmin>124</xmin>
            <ymin>47</ymin>
            <xmax>286</xmax>
            <ymax>153</ymax>
        </bndbox>
    </object>
    <object>
        <face>face</face>
        <bndbox>
            <xmin>346</xmin>
            <ymin>44</ymin>
            <xmax>400</xmax>
            <ymax>81</ymax>
        </bndbox>
    </object>
</annotation>
