<?xml version="1.0" ?>
<annotation>
    <filename>2003/01/14/big/img_585</filename>
    <object>
        <face>face</face>
        <bndbox>
            <xmin>21</xmin>
            <ymin>130</ymin>
            <xmax>125</xmax>
            <ymax>201</ymax>
        </bndbox>
    </object>
    <object>
        <face>face</face>
        <bndbox>
            <xmin>111</xmin>
            <ymin>37</ymin>
            <xmax>263</xmax>
            <ymax>130</ymax>
        </bndbox>
    </object>
</annotation>
