<?xml version="1.0" ?>
<annotation>
    <filename>2003/01/15/big/img_475</filename>
    <object>
        <face>face</face>
        <bndbox>
            <xmin>59</xmin>
            <ymin>85</ymin>
            <xmax>180</xmax>
            <ymax>167</ymax>
        </bndbox>
    </object>
    <object>
        <face>face</face>
        <bndbox>
            <xmin>173</xmin>
            <ymin>56</ymin>
            <xmax>315</xmax>
            <ymax>142</ymax>
        </bndbox>
    </object>
</annotation>
