<?xml version="1.0" ?>
<annotation>
    <filename>2003/01/14/big/img_46</filename>
    <object>
        <face>face</face>
        <bndbox>
            <xmin>67</xmin>
            <ymin>64</ymin>
            <xmax>172</xmax>
            <ymax>130</ymax>
        </bndbox>
    </object>
    <object>
        <face>face</face>
        <bndbox>
            <xmin>187</xmin>
            <ymin>34</ymin>
            <xmax>298</xmax>
            <ymax>106</ymax>
        </bndbox>
    </object>
    <object>
        <face>face</face>
        <bndbox>
            <xmin>174</xmin>
            <ymin>25</ymin>
            <xmax>229</xmax>
            <ymax>58</ymax>
        </bndbox>
    </object>
</annotation>
