<?xml version="1.0" ?>
<annotation>
    <filename>2003/01/17/big/img_794</filename>
    <object>
        <face>face</face>
        <bndbox>
            <xmin>96</xmin>
            <ymin>64</ymin>
            <xmax>209</xmax>
            <ymax>137</ymax>
        </bndbox>
    </object>
    <object>
        <face>face</face>
        <bndbox>
            <xmin>252</xmin>
            <ymin>32</ymin>
            <xmax>374</xmax>
            <ymax>108</ymax>
        </bndbox>
    </object>
</annotation>
