<?xml version="1.0" ?>
<annotation>
    <filename>2003/01/14/big/img_630</filename>
    <object>
        <face>face</face>
        <bndbox>
            <xmin>-3</xmin>
            <ymin>104</ymin>
            <xmax>46</xmax>
            <ymax>138</ymax>
        </bndbox>
    </object>
    <object>
        <face>face</face>
        <bndbox>
            <xmin>92</xmin>
            <ymin>28</ymin>
            <xmax>194</xmax>
            <ymax>90</ymax>
        </bndbox>
    </object>
    <object>
        <face>face</face>
        <bndbox>
            <xmin>160</xmin>
            <ymin>76</ymin>
            <xmax>213</xmax>
            <ymax>114</ymax>
        </bndbox>
    </object>
    <object>
        <face>face</face>
        <bndbox>
            <xmin>220</xmin>
            <ymin>54</ymin>
            <xmax>328</xmax>
            <ymax>126</ymax>
        </bndbox>
    </object>
    <object>
        <face>face</face>
        <bndbox>
            <xmin>341</xmin>
            <ymin>105</ymin>
            <xmax>394</xmax>
            <ymax>144</ymax>
        </bndbox>
    </object>
    <object>
        <face>face</face>
        <bndbox>
            <xmin>380</xmin>
            <ymin>114</ymin>
            <xmax>414</xmax>
            <ymax>137</ymax>
        </bndbox>
    </object>
</annotation>
