<?xml version="1.0" ?>
<annotation>
    <filename>2003/01/16/big/img_936</filename>
    <object>
        <face>face</face>
        <bndbox>
            <xmin>55</xmin>
            <ymin>38</ymin>
            <xmax>198</xmax>
            <ymax>133</ymax>
        </bndbox>
    </object>
    <object>
        <face>face</face>
        <bndbox>
            <xmin>141</xmin>
            <ymin>120</ymin>
            <xmax>224</xmax>
            <ymax>176</ymax>
        </bndbox>
    </object>
    <object>
        <face>face</face>
        <bndbox>
            <xmin>229</xmin>
            <ymin>28</ymin>
            <xmax>260</xmax>
            <ymax>49</ymax>
        </bndbox>
    </object>
    <object>
        <face>face</face>
        <bndbox>
            <xmin>163</xmin>
            <ymin>3</ymin>
            <xmax>194</xmax>
            <ymax>22</ymax>
        </bndbox>
    </object>
    <object>
        <face>face</face>
        <bndbox>
            <xmin>13</xmin>
            <ymin>4</ymin>
            <xmax>41</xmax>
            <ymax>24</ymax>
        </bndbox>
    </object>
    <object>
        <face>face</face>
        <bndbox>
            <xmin>57</xmin>
            <ymin>88</ymin>
            <xmax>114</xmax>
            <ymax>123</ymax>
        </bndbox>
    </object>
</annotation>
