<?xml version="1.0" ?>
<annotation>
    <filename>2003/01/14/big/img_652</filename>
    <object>
        <face>face</face>
        <bndbox>
            <xmin>94</xmin>
            <ymin>49</ymin>
            <xmax>234</xmax>
            <ymax>137</ymax>
        </bndbox>
    </object>
    <object>
        <face>face</face>
        <bndbox>
            <xmin>233</xmin>
            <ymin>82</ymin>
            <xmax>337</xmax>
            <ymax>153</ymax>
        </bndbox>
    </object>
</annotation>
