<?xml version="1.0" ?>
<annotation>
    <filename>2003/01/17/big/img_732</filename>
    <object>
        <face>face</face>
        <bndbox>
            <xmin>65</xmin>
            <ymin>62</ymin>
            <xmax>192</xmax>
            <ymax>148</ymax>
        </bndbox>
    </object>
    <object>
        <face>face</face>
        <bndbox>
            <xmin>55</xmin>
            <ymin>87</ymin>
            <xmax>136</xmax>
            <ymax>138</ymax>
        </bndbox>
    </object>
    <object>
        <face>face</face>
        <bndbox>
            <xmin>181</xmin>
            <ymin>31</ymin>
            <xmax>280</xmax>
            <ymax>104</ymax>
        </bndbox>
    </object>
</annotation>
