<?xml version="1.0" ?>
<annotation>
    <filename>2003/01/14/big/img_321</filename>
    <object>
        <face>face</face>
        <bndbox>
            <xmin>42</xmin>
            <ymin>58</ymin>
            <xmax>220</xmax>
            <ymax>163</ymax>
        </bndbox>
    </object>
    <object>
        <face>face</face>
        <bndbox>
            <xmin>182</xmin>
            <ymin>96</ymin>
            <xmax>348</xmax>
            <ymax>206</ymax>
        </bndbox>
    </object>
</annotation>
