<?xml version="1.0" ?>
<annotation>
    <filename>2003/01/14/big/img_512</filename>
    <object>
        <face>face</face>
        <bndbox>
            <xmin>-21</xmin>
            <ymin>172</ymin>
            <xmax>71</xmax>
            <ymax>233</ymax>
        </bndbox>
    </object>
    <object>
        <face>face</face>
        <bndbox>
            <xmin>244</xmin>
            <ymin>24</ymin>
            <xmax>332</xmax>
            <ymax>82</ymax>
        </bndbox>
    </object>
    <object>
        <face>face</face>
        <bndbox>
            <xmin>115</xmin>
            <ymin>7</ymin>
            <xmax>176</xmax>
            <ymax>51</ymax>
        </bndbox>
    </object>
    <object>
        <face>face</face>
        <bndbox>
            <xmin>57</xmin>
            <ymin>84</ymin>
            <xmax>137</xmax>
            <ymax>141</ymax>
        </bndbox>
    </object>
</annotation>
