<?xml version="1.0" ?>
<annotation>
    <filename>2003/01/17/big/img_480</filename>
    <object>
        <face>face</face>
        <bndbox>
            <xmin>77</xmin>
            <ymin>72</ymin>
            <xmax>174</xmax>
            <ymax>137</ymax>
        </bndbox>
    </object>
    <object>
        <face>face</face>
        <bndbox>
            <xmin>216</xmin>
            <ymin>32</ymin>
            <xmax>317</xmax>
            <ymax>95</ymax>
        </bndbox>
    </object>
</annotation>
