<?xml version="1.0" ?>
<annotation>
    <filename>2003/01/13/big/img_432</filename>
    <object>
        <face>face</face>
        <bndbox>
            <xmin>93</xmin>
            <ymin>35</ymin>
            <xmax>215</xmax>
            <ymax>113</ymax>
        </bndbox>
    </object>
    <object>
        <face>face</face>
        <bndbox>
            <xmin>231</xmin>
            <ymin>38</ymin>
            <xmax>296</xmax>
            <ymax>78</ymax>
        </bndbox>
    </object>
</annotation>
