<?xml version="1.0" ?>
<annotation>
    <filename>2003/01/15/big/img_622</filename>
    <object>
        <face>face</face>
        <bndbox>
            <xmin>1</xmin>
            <ymin>63</ymin>
            <xmax>196</xmax>
            <ymax>188</ymax>
        </bndbox>
    </object>
    <object>
        <face>face</face>
        <bndbox>
            <xmin>199</xmin>
            <ymin>69</ymin>
            <xmax>400</xmax>
            <ymax>200</ymax>
        </bndbox>
    </object>
</annotation>
