<?xml version="1.0" ?>
<annotation>
    <filename>2003/01/15/big/img_201</filename>
    <object>
        <face>face</face>
        <bndbox>
            <xmin>70</xmin>
            <ymin>49</ymin>
            <xmax>214</xmax>
            <ymax>139</ymax>
        </bndbox>
    </object>
    <object>
        <face>face</face>
        <bndbox>
            <xmin>125</xmin>
            <ymin>192</ymin>
            <xmax>249</xmax>
            <ymax>276</ymax>
        </bndbox>
    </object>
</annotation>
