<?xml version="1.0" ?>
<annotation>
    <filename>2003/01/14/big/img_882</filename>
    <object>
        <face>face</face>
        <bndbox>
            <xmin>73</xmin>
            <ymin>67</ymin>
            <xmax>170</xmax>
            <ymax>129</ymax>
        </bndbox>
    </object>
    <object>
        <face>face</face>
        <bndbox>
            <xmin>23</xmin>
            <ymin>12</ymin>
            <xmax>102</xmax>
            <ymax>67</ymax>
        </bndbox>
    </object>
    <object>
        <face>face</face>
        <bndbox>
            <xmin>172</xmin>
            <ymin>20</ymin>
            <xmax>255</xmax>
            <ymax>81</ymax>
        </bndbox>
    </object>
</annotation>
