<?xml version="1.0" ?>
<annotation>
    <filename>2003/01/14/big/img_1035</filename>
    <object>
        <face>face</face>
        <bndbox>
            <xmin>220</xmin>
            <ymin>39</ymin>
            <xmax>341</xmax>
            <ymax>117</ymax>
        </bndbox>
    </object>
    <object>
        <face>face</face>
        <bndbox>
            <xmin>-22</xmin>
            <ymin>30</ymin>
            <xmax>73</xmax>
            <ymax>92</ymax>
        </bndbox>
    </object>
    <object>
        <face>face</face>
        <bndbox>
            <xmin>184</xmin>
            <ymin>46</ymin>
            <xmax>269</xmax>
            <ymax>100</ymax>
        </bndbox>
    </object>
</annotation>
