<?xml version="1.0" ?>
<annotation>
    <filename>2003/01/13/big/img_527</filename>
    <object>
        <face>face</face>
        <bndbox>
            <xmin>-3</xmin>
            <ymin>38</ymin>
            <xmax>203</xmax>
            <ymax>194</ymax>
        </bndbox>
    </object>
    <object>
        <face>face</face>
        <bndbox>
            <xmin>153</xmin>
            <ymin>72</ymin>
            <xmax>313</xmax>
            <ymax>188</ymax>
        </bndbox>
    </object>
</annotation>
