<?xml version="1.0" ?>
<annotation>
    <filename>2003/01/17/big/img_844</filename>
    <object>
        <face>face</face>
        <bndbox>
            <xmin>79</xmin>
            <ymin>63</ymin>
            <xmax>254</xmax>
            <ymax>210</ymax>
        </bndbox>
    </object>
    <object>
        <face>face</face>
        <bndbox>
            <xmin>151</xmin>
            <ymin>333</ymin>
            <xmax>272</xmax>
            <ymax>409</ymax>
        </bndbox>
    </object>
</annotation>
